{"type":"FeatureCollection","features":[{"type":"Feature","properties":{"nhood":"Western Addition"},"geometry":{"type":"MultiPolygon","coordinates":[[[[-122.42144200043835,37.78556700005286],[-122.42127699991194,37.784857000083846],[-122.42119300003186,37.784752999599625],[-122.42124299973524,37.784634999719536],[-122.42109800005649,37.7839149998652],[-122.4210080004088,37.783823999727076],[-122.42104999964968,37.78371199988074],[-122.42090100019696,37.78297700016503],[-122.42081699994638,37.782893999569374],[-122.42088200021816,37.78277599962942],[-122.42073799973997,37.78205299990144],[-122.42063800045355,37.781960999835526],[-122.42069299987104,37.78185200022173],[-122.4205520003287,37.781125999831936],[-122.42044000011394,37.78103100029221],[-122.42049900049216,37.78090900040971],[-122.42033599968612,37.78019000006485],[-122.42024699960035,37.78007499991484],[-122.42354099964322,37.77967400025455],[-122.42335400029549,37.7787470002254],[-122.44148799989664,37.77643500023769],[-122.44205300008475,37.77924399961719],[-122.44111900051679,37.77937200016562],[-122.44095799961609,37.77936400033317],[-122.44151200033697,37.782095999627195],[-122.44167200035412,37.78223400012673],[-122.4418200000534,37.78230700016562],[-122.44269199959146,37.782642999591154],[-122.44279300046567,37.782885000120665],[-122.44270200037245,37.782972000243085],[-122.43963299991994,37.783359999632786],[-122.43947999949027,37.783308000047505],[-122.43935199966528,37.78339499963735],[-122.43893700025812,37.78345000004763],[-122.4382679998864,37.78371599955113],[-122.43801700024977,37.78377300027012],[-122.43784799946886,37.78371800007263],[-122.43775199980027,37.78380199985892],[-122.4346589995411,37.78419399964326],[-122.43456200040184,37.784152000235096],[-122.43446500047781,37.78422199972884],[-122.43297000001411,37.784409999772826],[-122.43291400018914,37.7843549999686],[-122.43288499953417,37.78441999995221],[-122.4313989999549,37.78460699965329],[-122.43120499944249,37.78456799960911],[-122.4310530004778,37.78466800012868],[-122.42810199994541,37.785027000063934],[-122.42798899945356,37.78495400005177],[-122.42789399947382,37.785063999690905],[-122.4248990001617,37.78544100031764],[-122.42468700019211,37.78533500040307],[-122.42561599952764,37.78995200029008],[-122.42232900025733,37.79037000029706],[-122.42240800039396,37.790241000171285],[-122.42225700047432,37.78949199969014],[-122.42213499985542,37.78941199960631],[-122.42221899972091,37.789306000000884],[-122.42207000035877,37.788569999980965],[-122.42194899964524,37.7884899996411],[-122.4220319996372,37.78838299986568],[-122.42187899991167,37.787628000434935],[-122.42175799980342,37.78754799990399],[-122.42184200034572,37.78744199959336],[-122.42168899946351,37.78668899966732],[-122.42144699985269,37.78652799956673],[-122.42129799964262,37.785794000030734],[-122.421392999475,37.78568600028804],[-122.42144200043835,37.78556700005286]]]]}},{"type":"Feature","properties":{"nhood":"West of Twin Peaks"},"geometry":{"type":"MultiPolygon","coordinates":[[[[-122.46104000042365,37.750957999568385],[-122.46055199987319,37.74993899981485],[-122.4604030003645,37.74975699962581],[-122.45963900024242,37.74901899975882],[-122.45962599956982,37.748942000416626],[-122.45949700002411,37.748917999925226],[-122.45866199998083,37.74803799979096],[-122.45863499995431,37.747768999905986],[-122.45871200050007,37.747605000386216],[-122.45901699985166,37.747305999809114],[-122.45917399947399,37.74728599957189],[-122.45903000007056,37.74725899996281],[-122.45869099977844,37.74685899986865],[-122.45872900017247,37.74675499990932],[-122.45865700043207,37.74682300030369],[-122.45847199995622,37.746870999601974],[-122.45791200050276,37.746861000092935],[-122.45724800013045,37.74675400020386],[-122.45716700002329,37.7466980003223],[-122.45707899980947,37.74672499999308],[-122.45667399971916,37.74666000030272],[-122.45637700035,37.7465899996757],[-122.45631499950811,37.74652999956803],[-122.45622399973247,37.746558000094495],[-122.45553399956579,37.74639400043932],[-122.45546699990263,37.74632799955714],[-122.45537499959103,37.746347999599685],[-122.45481500048922,37.74621699997562],[-122.4547219995743,37.74617800003843],[-122.45466399987617,37.74610600044479],[-122.45458500014371,37.746106999911014],[-122.45427500020422,37.745907999618375],[-122.45395899983815,37.7457650003466],[-122.45391599980556,37.745700000258985],[-122.45382900010141,37.74572399965325],[-122.45337599988197,37.74568800028468],[-122.45181600043726,37.74567099990141],[-122.45162400011145,37.745534000195306],[-122.45158899946118,37.745429000071],[-122.45058700013887,37.74421299968701],[-122.45059199956688,37.744090999664664],[-122.44991900004288,37.74327199977743],[-122.4497900002629,37.74325700023907],[-122.44958300018374,37.743065000223176],[-122.44935700020274,37.74292200033015],[-122.44913699983275,37.74282900004955],[-122.44848899959894,37.74270499973926],[-122.44711000038987,37.74257999968032],[-122.44683999995182,37.742519000252294],[-122.4466579997581,37.74244199972233],[-122.44641100004999,37.74228199978911],[-122.4462570004725,37.742071999769486],[-122.44609999997697,37.741357999623496],[-122.44605899959399,37.741274999576355],[-122.44589799967366,37.74111700020722],[-122.44573799979413,37.74102199976274],[-122.44491099966525,37.74087200006934],[-122.44468200007827,37.74079300015311],[-122.44436599949297,37.74057600024052],[-122.4440980003544,37.74023400034047],[-122.44392200015913,37.74008799965325],[-122.4436939995355,37.73997100004915],[-122.44285700034189,37.739766999968985],[-122.44271800038503,37.739681999845814],[-122.44252499953615,37.7394480003991],[-122.44250399985962,37.73923800012056],[-122.44262800001995,37.73856500003027],[-122.44262500054455,37.73831399992497],[-122.44240399954617,37.73764000045214],[-122.44242099944249,37.737438000213565],[-122.44248900014266,37.737289000309886],[-122.44265699988799,37.73711899958285],[-122.44353200014355,37.73660199979534],[-122.44365499953024,37.73642800028796],[-122.44374600021729,37.73635500014346],[-122.44382899981301,37.73613399975883],[-122.44382399953503,37.736008999893926],[-122.44374599944584,37.73585600004447],[-122.44366600019634,37.73578600019082],[-122.4434530004919,37.73569199997642],[-122.44330100050186,37.73567600036573],[-122.44316199986865,37.735688000017866],[-122.44215500046961,37.73597100011072],[-122.44202899967502,37.735990999720386],[-122.44169799983618,37.73595099977745],[-122.44138399958243,37.735860000414775],[-122.44115200040298,37.735709000074664],[-122.44101500054869,37.73556999957708],[-122.44069399948444,37.735069000181646],[-122.44002400023176,37.73490900010076],[-122.43993400028612,37.73485700044416],[-122.43957299970688,37.734842999634914],[-122.43919099953065,37.73473500016021],[-122.43892000027479,37.73459999974112],[-122.43839199967988,37.73442000036275],[-122.436752000045,37.73409600013325],[-122.43667299949136,37.734039999623775],[-122.4365799994575,37.73406800002496],[-122.43592000012,37.73393100017715],[-122.43583999953339,37.73387500023171],[-122.43573899949415,37.73389900018843],[-122.43506699969647,37.73378199993464],[-122.43499600024114,37.733718000105405],[-122.43489899963917,37.733750999998186],[-122.43423800019168,37.73362599986653],[-122.43414499946785,37.7335500004074],[-122.43402100009243,37.73358800029361],[-122.43320099977416,37.733439000109385],[-122.43297400021692,37.73331100040336],[-122.43280200008245,37.73334000009485],[-122.43242200015634,37.73317599979696],[-122.43644999947571,37.73133299978978],[-122.43955800016597,37.73019100027905],[-122.4394830003677,37.730112000430665],[-122.44196999961673,37.72913600031577],[-122.44307499998861,37.72863400000081],[-122.44379099998064,37.7282330000609],[-122.44442300029272,37.72779900013716],[-122.44504099996344,37.72729500040078],[-122.44630799962675,37.72597800005015],[-122.44686400028979,37.725212999727894],[-122.44720100017477,37.72463800008362],[-122.44758600022533,37.72388000036634],[-122.44787799956123,37.72300499989106],[-122.4494839998844,37.72300300005032],[-122.44955899953567,37.72296099978451],[-122.44961500007093,37.72301899999657],[-122.45147399959843,37.723077999657086],[-122.45159500053366,37.72299200033711],[-122.45171099998876,37.723045999968754],[-122.45222000038581,37.72311499971312],[-122.45233200050632,37.72307999988789],[-122.45237300020456,37.723116999992456],[-122.45304200042564,37.72325900007859],[-122.4531640004297,37.7232280000672],[-122.45404200021864,37.72341300024472],[-122.45416099965158,37.72349500039043],[-122.45506999990192,37.72368700042469],[-122.45513599965028,37.72367199995373],[-122.45517400003966,37.723709000220616],[-122.45608800054062,37.72390199998319],[-122.45614999962254,37.72388699958431],[-122.45618100050235,37.72392100020307],[-122.45646900025673,37.72398200023221],[-122.45651600009509,37.72396399980323],[-122.45655199963151,37.72400000005607],[-122.45710900043743,37.72411699958861],[-122.4571690003306,37.72410200032363],[-122.45718500017979,37.72413300006534],[-122.45730000025142,37.724158000206685],[-122.45734099965061,37.7241380001736],[-122.45736800048883,37.72417200026007],[-122.4581209995765,37.72433099998736],[-122.45819100052339,37.72431799962755],[-122.45824300006714,37.72435700038616],[-122.45914000002357,37.72454600008695],[-122.45921299983816,37.72453299971726],[-122.45925599990417,37.724570999736386],[-122.45989399979477,37.72470499989583],[-122.45995500035929,37.72468999968752],[-122.45999499953909,37.72472700033534],[-122.46018099946447,37.7247660003731],[-122.46023400029384,37.724748999911164],[-122.46028600007686,37.72478799978415],[-122.46113499998525,37.7249619998748],[-122.46121100017825,37.724950000059906],[-122.46128099945813,37.7249970002057],[-122.46210399994457,37.725270000446294],[-122.46221300040241,37.72526600034985],[-122.46227999985595,37.725147000316646],[-122.46226500047058,37.72169500041872],[-122.47167399962855,37.72163099997291],[-122.47175999952165,37.721671000240214],[-122.4723220001545,37.721623999605555],[-122.47244899966977,37.72145299955757],[-122.47265199948168,37.71769800011149],[-122.47265499958948,37.717500000440765],[-122.47257200044511,37.71717399992926],[-122.47284400015151,37.71731199957757],[-122.4748969997089,37.71944800019472],[-122.47522700026123,37.71983600033598],[-122.47534199986897,37.72027300044391],[-122.47522499948248,37.72044299977537],[-122.47534199988074,37.720548999715845],[-122.47534200035166,37.72086599983316],[-122.47522200020337,37.72105699958088],[-122.47504900012405,37.721210999827555],[-122.47474199994657,37.72687400016366],[-122.47490000045711,37.7269909996474],[-122.47473300005437,37.72703300013296],[-122.47463000023821,37.728934000373144],[-122.47478199964753,37.73099299955875],[-122.47493299949093,37.73118100035969],[-122.4750040002385,37.732353000143014],[-122.47495499953438,37.732455999970014],[-122.47503700011931,37.73262200002643],[-122.47516400023211,37.734483000117],[-122.47510200031988,37.73462600017238],[-122.4751840004147,37.73476399966055],[-122.4753519999003,37.73736300035016],[-122.47528899974417,37.737455000099374],[-122.47536199960594,37.73754599956607],[-122.47547099976046,37.73921300009559],[-122.47540899970838,37.739325000398814],[-122.47548499964054,37.73943199957467],[-122.47560599996514,37.74109900023539],[-122.47554000005186,37.741187000164366],[-122.47561699952514,37.74127499981114],[-122.47571100033971,37.74294400004467],[-122.47564399967364,37.74305199981023],[-122.47570999948871,37.74317300044392],[-122.47582399971503,37.74480600030296],[-122.47577300044168,37.74491900038806],[-122.47583899981588,37.74502600029123],[-122.47595399969019,37.746670000423464],[-122.47590200004956,37.74678199979291],[-122.47597299969787,37.746888999589785],[-122.47608699953692,37.74853700029193],[-122.47603299957862,37.74864800039568],[-122.47174900036089,37.74883600016691],[-122.4715869995978,37.74880600044524],[-122.47059499955778,37.748869000190034],[-122.46856000009763,37.74893600006526],[-122.4680259997505,37.74899900036465],[-122.46633599996919,37.74907499962954],[-122.46646899948324,37.75093900002262],[-122.46490000040711,37.751008000176775],[-122.46445899966692,37.750866999943256],[-122.46418600049446,37.75071700029743],[-122.46427699974505,37.750981000333745],[-122.46344200032026,37.75119499997047],[-122.46384500037496,37.75198399966758],[-122.4642760003634,37.75232099988868],[-122.46441799972327,37.75231899978806],[-122.46446200037192,37.75289899989957],[-122.46418400008577,37.75291199973974],[-122.46336099962106,37.75303900006489],[-122.46311399970911,37.75277999993764],[-122.46241399971107,37.75222200023182],[-122.462124999881,37.75190299967094],[-122.46181000001069,37.75166799955294],[-122.46158700007598,37.75156499975548],[-122.46141800022582,37.75144599979488],[-122.46104000042365,37.750957999568385]]]]}},{"type":"Feature","properties":{"nhood":"Visitacion Valley"},"geometry":{"type":"MultiPolygon","coordinates":[[[[-122.40385399997592,37.71882999996642],[-122.40355499997392,37.71833700026806],[-122.40043500044708,37.719161999777874],[-122.3998280000516,37.7166500003209],[-122.39974000021746,37.71618300028485],[-122.3996150000357,37.71627799982978],[-122.39928299999544,37.717529000234876],[-122.39918799998203,37.7180879999594],[-122.3988630003274,37.71868299992612],[-122.39854899973608,37.71785900018794],[-122.39840700001098,37.71704900034105],[-122.39836699953315,37.71641300013927],[-122.39832799948861,37.716258999689046],[-122.39883400008719,37.71545100017848],[-122.39899100019592,37.7153390003931],[-122.39894299968779,37.71518699992746],[-122.39919899990505,37.71453600032804],[-122.39935900045164,37.71427299954404],[-122.40047400049264,37.713115999710084],[-122.40083400029259,37.713008000032616],[-122.40125999979828,37.71264199970165],[-122.40164400025287,37.712484000435474],[-122.40236600028423,37.71229400027616],[-122.40245900035339,37.71217899990509],[-122.40265499956966,37.71219799956933],[-122.40282000036767,37.712134999886864],[-122.40310099998928,37.71196900038517],[-122.40327999968324,37.71181800007627],[-122.4036869995652,37.71127800002088],[-122.40365000055942,37.71118900014218],[-122.40377500007237,37.71115900040534],[-122.40424899964302,37.710518999622956],[-122.40422599977704,37.71040900036299],[-122.40437700029648,37.71036499994432],[-122.40468199973307,37.70993000034204],[-122.40505500004899,37.70922100024415],[-122.40515300043081,37.708963999968596],[-122.40510900008768,37.70885399986951],[-122.40524400028126,37.70880200005724],[-122.40544630758971,37.7083520497599],[-122.40811167255356,37.708327254192966],[-122.42376533470697,37.708341715746876],[-122.42335300052575,37.70925100013799],[-122.42344200015428,37.70937599984299],[-122.42397100038123,37.70967800038902],[-122.42441699975436,37.71004700024117],[-122.424550000487,37.7101020000941],[-122.42418199985195,37.71026500026037],[-122.42336800045774,37.71030199971115],[-122.42302700006586,37.71037700011324],[-122.42281099952146,37.71051099999603],[-122.42241100003828,37.7109710000517],[-122.42224099999063,37.71131699989395],[-122.4221229999551,37.71171799992998],[-122.42196299983466,37.71201799966998],[-122.42163199982643,37.712185000288656],[-122.42147499955482,37.712200999802825],[-122.42122800031191,37.71331000003168],[-122.42090799967487,37.71377400041908],[-122.42033100033711,37.71396699955452],[-122.41563499991584,37.71273299995439],[-122.41529100044811,37.71350399986512],[-122.41562300029051,37.71359400014142],[-122.41580599971411,37.71369399967689],[-122.41594900006487,37.71382199997452],[-122.41609600039116,37.714013000119095],[-122.41619400051457,37.714273000209594],[-122.4162100004055,37.71453099970677],[-122.41615400035427,37.71479899979385],[-122.41605499964822,37.715013999789875],[-122.41586600052686,37.71527799960312],[-122.41565899946144,37.71549199985981],[-122.41539599965945,37.71547400031555],[-122.41131600046778,37.7143669998864],[-122.41073800040664,37.715739000353814],[-122.4107230000886,37.715829999697924],[-122.41050599961183,37.71632200032335],[-122.41043299976164,37.71641399979551],[-122.41036399988026,37.7166909998725],[-122.40894999953034,37.71645800041023],[-122.40817100023204,37.71615700003175],[-122.40784099959201,37.71692300003187],[-122.40862099966621,37.71711700034958],[-122.40853200020783,37.717209000074455],[-122.40853000022949,37.71732000018121],[-122.40825500017019,37.71809000007302],[-122.40727200003575,37.71782000002606],[-122.40643100002313,37.71975400020048],[-122.40610000024199,37.719836999704086],[-122.40531899953884,37.71957900006327],[-122.40385399997592,37.71882999996642]]]]}},{"type":"Feature","properties":{"nhood":"Twin Peaks"},"geometry":{"type":"MultiPolygon","coordinates":[[[[-122.44694999987867,37.756549999888215],[-122.44594599963173,37.75641300002764],[-122.44564599997884,37.756449000241886],[-122.44528299999338,37.75657299970079],[-122.445026000118,37.75661199982024],[-122.44476300006946,37.75655800001565],[-122.44454500049092,37.7564300001664],[-122.4444850001683,37.7563540002525],[-122.44438499986963,37.7564020001166],[-122.44435499964862,37.7565029996894],[-122.44440700008187,37.75656799971796],[-122.44510599964093,37.756961000210566],[-122.44496400038928,37.75727300015643],[-122.44469600042056,37.75722399976736],[-122.44338300047005,37.75633700026434],[-122.4432759996725,37.75623399990963],[-122.4433339998104,37.75642399960793],[-122.44298100041469,37.75616000019317],[-122.44227300033714,37.75657499990867],[-122.44221999954163,37.756638999639726],[-122.44228699971325,37.756854000159024],[-122.44237099999117,37.75758400016134],[-122.44228100056515,37.75763000026816],[-122.44225799975878,37.75773400031528],[-122.44220899995447,37.75851400019077],[-122.4421639998339,37.758753999698584],[-122.44217500025324,37.75893900020682],[-122.44059100035837,37.75904199958868],[-122.44009599965105,37.75897899993132],[-122.43916699946959,37.75902799976927],[-122.43883899990259,37.755524999612504],[-122.4388640001816,37.75543399997017],[-122.43897400052286,37.75538899998785],[-122.43964700026007,37.75532000034598],[-122.44003300026426,37.75522900028922],[-122.44034500017277,37.75522799965089],[-122.4407680001063,37.754609000305344],[-122.44089700041769,37.754492999831264],[-122.44107600005073,37.754177999967084],[-122.44130699969814,37.75388000010271],[-122.44180699992246,37.75347099971224],[-122.44223899958665,37.75282999964494],[-122.4424929998051,37.75260700027166],[-122.4425250004547,37.752380000264786],[-122.4428469995146,37.752374999581605],[-122.4434019994389,37.75018700008987],[-122.44334700025648,37.75008299986732],[-122.44344099990067,37.75001499961938],[-122.4435529998125,37.7494429999736],[-122.4437039999254,37.749176999988485],[-122.44409300009318,37.748684999798385],[-122.44426700056876,37.74838000019947],[-122.44415799942378,37.74779099956025],[-122.44417199963797,37.747555999984215],[-122.44429199992841,37.74730900006488],[-122.4444259997799,37.747173999653924],[-122.44474000019626,37.747045000350894],[-122.44482000009147,37.746970000282424],[-122.44455599975649,37.746686999976696],[-122.44460299950933,37.746682999803404],[-122.44478299975225,37.74677100001814],[-122.4448470003577,37.74694499984738],[-122.44505000038191,37.74701500018902],[-122.44618600047787,37.74684300038579],[-122.44765899986517,37.74653699970084],[-122.44778600039713,37.746437999690826],[-122.44791600025026,37.74648000016102],[-122.44972099954664,37.74605599996719],[-122.4507050003817,37.74592899994618],[-122.45085299987441,37.745825999843994],[-122.45096999988597,37.74587000021322],[-122.4515700004476,37.74565399995105],[-122.45162400011145,37.745534000195306],[-122.45181600043726,37.74567099990141],[-122.45337599988197,37.74568800028468],[-122.45382900010141,37.74572399965325],[-122.45391599980556,37.745700000258985],[-122.45395899983815,37.7457650003466],[-122.45427500020422,37.745907999618375],[-122.45458500014371,37.746106999911014],[-122.45466399987617,37.74610600044479],[-122.4547219995743,37.74617800003843],[-122.45481500048922,37.74621699997562],[-122.45537499959103,37.746347999599685],[-122.45546699990263,37.74632799955714],[-122.45553399956579,37.74639400043932],[-122.45622399973247,37.746558000094495],[-122.45631499950811,37.74652999956803],[-122.45637700035,37.7465899996757],[-122.45667399971916,37.74666000030272],[-122.45707899980947,37.74672499999308],[-122.45716700002329,37.7466980003223],[-122.45724800013045,37.74675400020386],[-122.45791200050276,37.746861000092935],[-122.45847199995622,37.746870999601974],[-122.45865700043207,37.74682300030369],[-122.45872900017247,37.74675499990932],[-122.45869099977844,37.74685899986865],[-122.45903000007056,37.74725899996281],[-122.45917399947399,37.74728599957189],[-122.45901699985166,37.747305999809114],[-122.45871200050007,37.747605000386216],[-122.45863499995431,37.747768999905986],[-122.45866199998083,37.74803799979096],[-122.45949700002411,37.748917999925226],[-122.45962599956982,37.748942000416626],[-122.45963900024242,37.74901899975882],[-122.4604030003645,37.74975699962581],[-122.46055199987319,37.74993899981485],[-122.46104000042365,37.750957999568385],[-122.46141800022582,37.75144599979488],[-122.46152399961484,37.751503999648016],[-122.46116000012897,37.751694000420365],[-122.46066799993477,37.75181399980652],[-122.45898500037416,37.75194600003546],[-122.45703199995218,37.75140200024855],[-122.45644799945762,37.751483000398046],[-122.45609100051831,37.75180399959693],[-122.456004999826,37.75209400031492],[-122.456031999934,37.75288600026758],[-122.45578399986381,37.75341000040939],[-122.45523600004428,37.75420500010872],[-122.45517500006717,37.75433700015784],[-122.45512500007904,37.75487600043018],[-122.45505200005613,37.75511599979423],[-122.45482099997261,37.755546999889866],[-122.45425000048914,37.75634699996303],[-122.45417199961348,37.75650700033292],[-122.45402700016314,37.7571800003343],[-122.45387200029812,37.757378000247996],[-122.4535939995507,37.75762199980093],[-122.45331699989893,37.75781999967432],[-122.45283499979986,37.758096999678635],[-122.45092900005073,37.75872499967609],[-122.44853500049912,37.75904499988456],[-122.44847400001966,37.758954000444696],[-122.44848400017203,37.7586090000536],[-122.44829500029662,37.75802899995509],[-122.44818200029556,37.757849999998385],[-122.44754700008531,37.75719000004161],[-122.44730699974505,37.75704200015763],[-122.44711899947914,37.75687499993701],[-122.44703299982964,37.75675599984664],[-122.44694999987867,37.756549999888215]]]]}},{"type":"Feature","properties":{"nhood":"South of Market"},"geometry":{"type":"MultiPolygon","coordinates":[[[[-122.40371199999187,37.784043999707194],[-122.40270800027392,37.78325899990069],[-122.40046800018878,37.78502999976972],[-122.39274999947901,37.77885199978907],[-122.39720600011665,37.775332000262615],[-122.39875500023807,37.77656799990938],[-122.40098200024516,37.77480899962393],[-122.39943300014635,37.77357300000445],[-122.40387800040297,37.77006300027743],[-122.40408299972505,37.76996899983373],[-122.40439099961604,37.76975000012864],[-122.4059390005741,37.769659000295114],[-122.40621300047536,37.76946300013261],[-122.40700100015842,37.77005000013585],[-122.40800700007466,37.76924399995716],[-122.40843600020258,37.769317999707376],[-122.40973600056184,37.770349000005766],[-122.41093100020761,37.769410999642986],[-122.4186589994612,37.7755580003917],[-122.41870400041417,37.77564499965146],[-122.41762899991866,37.7764939998033],[-122.41750099989424,37.7765410002872],[-122.417470999776,37.7766179997396],[-122.41639200017923,37.777468999680124],[-122.41629199974827,37.77749400006977],[-122.4162609996447,37.77757199955736],[-122.41483500018165,37.778700999797074],[-122.41474099963443,37.77871899986788],[-122.41472099964989,37.77879100018861],[-122.41260900005932,37.780459000431726],[-122.41251199954603,37.78047900027643],[-122.41249199995343,37.780551999594785],[-122.41039099977425,37.782210999899995],[-122.4102920002116,37.78223099961632],[-122.41027100024698,37.78230600007615],[-122.40905300015069,37.783268000276536],[-122.40895200033319,37.78328799968144],[-122.40893099944846,37.783364000223976],[-122.40816000010435,37.783972999832756],[-122.40806699975067,37.783990999873076],[-122.40804199998205,37.78406599971194],[-122.40742399954631,37.78455199969732],[-122.4073370005528,37.78456000042311],[-122.40732599976482,37.784629999892665],[-122.40597600033834,37.785693000166916],[-122.40583100020682,37.785743999673485],[-122.40371199999187,37.784043999707194]]]]}},{"type":"Feature","properties":{"nhood":"Treasure Island"},"geometry":{"type":"MultiPolygon","coordinates":[[[[-122.3635827833368,37.82087055624247],[-122.36045796373892,37.82012397773951],[-122.36058489858735,37.819800590283265],[-122.36364202740887,37.820540685392984],[-122.36368586310289,37.82035594998856],[-122.3640235590804,37.81960071919707],[-122.36417337415196,37.819016702391885],[-122.3642558716489,37.81885471025675],[-122.3643991291408,37.818767984756825],[-122.36435703570966,37.81867731621813],[-122.36483035860626,37.81849746450373],[-122.36475527699447,37.81840320093803],[-122.36492319531428,37.81833325005655],[-122.36504890246502,37.818513239040584],[-122.3650944259727,37.81846445286955],[-122.36841794055528,37.81706313644473],[-122.36852529290964,37.81699483089694],[-122.371019221077,37.81599870284629],[-122.3710543554327,37.815950070951786],[-122.37105195055373,37.81585466018794],[-122.37077270517507,37.815284996423614],[-122.3703842821503,37.81422948733223],[-122.36980426246758,37.81340225887063],[-122.36940199131197,37.81303369230297],[-122.36876519086287,37.812701107140036],[-122.36830631789324,37.812559361248255],[-122.36814143529689,37.812542743076605],[-122.36801801674099,37.81245405410688],[-122.36755774322513,37.81232537601467],[-122.36700258608823,37.81234721169574],[-122.36687116521983,37.81242208010183],[-122.36678979282472,37.81242200091889],[-122.3664304468819,37.81258906048902],[-122.36634241224593,37.81259938534182],[-122.36603622333254,37.812815052315536],[-122.36589811041478,37.81283028488673],[-122.36574617899991,37.81291577358834],[-122.36570121154317,37.8129865325103],[-122.36560957022174,37.81299073162115],[-122.36561055353475,37.813029858812335],[-122.36552898815565,37.813022216223224],[-122.36517664271202,37.81319260282497],[-122.36514687322222,37.81324801436407],[-122.36505346308317,37.813250865776006],[-122.36500934900596,37.81328658216451],[-122.36502339528617,37.81336327120674],[-122.36495053783,37.81356425718574],[-122.36490370681511,37.81356088096302],[-122.3648838740342,37.81359827983386],[-122.36480312885057,37.813622902057624],[-122.36474438236924,37.81369661898335],[-122.36475550606059,37.81372597905751],[-122.36463132616637,37.813744422504136],[-122.36459412170095,37.81384870094979],[-122.36442453165299,37.813851381781504],[-122.36438319804408,37.81392894716103],[-122.36424108837963,37.81392295277655],[-122.36409039295087,37.81405787037785],[-122.36389883972387,37.81408218660099],[-122.36382310175829,37.81403050821734],[-122.36358306162603,37.813985542529444],[-122.36339738588477,37.814037234551165],[-122.3632967101121,37.81402646144723],[-122.36301421606485,37.81415247671559],[-122.3626654285372,37.81412020789549],[-122.3622897474744,37.81411996684274],[-122.36208451903609,37.81415136136157],[-122.36193831062175,37.81425805002307],[-122.36192533204218,37.8143619451255],[-122.36182674138912,37.814365561548435],[-122.36174954302683,37.814462920057956],[-122.36165044607367,37.81444594560491],[-122.36158968771882,37.81450871152631],[-122.3612939413251,37.81452024330266],[-122.36121306552387,37.81454005809354],[-122.36118326036292,37.814594094796746],[-122.36082241244208,37.814633440776824],[-122.36074000803967,37.814730189507415],[-122.36060036043679,37.81468432607866],[-122.36039615610268,37.81468754710034],[-122.35992898236454,37.814836375075856],[-122.35953384996944,37.81502733020109],[-122.35938007741892,37.81503937016005],[-122.35891447726935,37.814767214710415],[-122.35886249083597,37.81469593088272],[-122.35886543009306,37.814398535756474],[-122.35919199712816,37.813681953253734],[-122.3591765862177,37.81361970791812],[-122.35913287595781,37.81360254143516],[-122.35918423820159,37.81357975249553],[-122.35927949382581,37.813442973762555],[-122.35969068540831,37.81334034859563],[-122.36058531369767,37.81284073368096],[-122.36092046550048,37.81260539344819],[-122.36104009164727,37.812474403708535],[-122.3610996951594,37.81229697587234],[-122.36112631149932,37.81204659099127],[-122.36109490977518,37.811898753497715],[-122.36111435102474,37.8115695132714],[-122.36124330410993,37.8112577738135],[-122.36129500243567,37.81090329282892],[-122.36129618938898,37.810743268725126],[-122.361195106035,37.81037129481549],[-122.36119381097227,37.81025045259538],[-122.36069525561639,37.81032012503533],[-122.36040386953013,37.810919418964176],[-122.36036194951913,37.81090496706119],[-122.36034729285761,37.81094160040963],[-122.36023724227095,37.81090212522269],[-122.36057114640408,37.81020327773145],[-122.3611479173421,37.810124341893385],[-122.36108140712848,37.81012329251159],[-122.36114882095488,37.8101131275185],[-122.36096988735069,37.80808533395665],[-122.36130691070285,37.80806422656828],[-122.36147366944034,37.80781093836236],[-122.36168925717182,37.80771002737287],[-122.36179292923097,37.8074261473969],[-122.36185317223067,37.807343477297266],[-122.36177844987392,37.80726293689988],[-122.36183312861503,37.80716524871538],[-122.36188784769675,37.807138289710785],[-122.3618863671796,37.807079255590715],[-122.36200107775993,37.807028686035004],[-122.36203819385429,37.807059004023614],[-122.36209751291523,37.8070086266842],[-122.36217096100896,37.80703836107649],[-122.36235191800677,37.80700597589435],[-122.36262190017247,37.80707245029304],[-122.36279146103195,37.80734514143855],[-122.3628823560237,37.80731142744203],[-122.36303920585718,37.80742226325266],[-122.36312053847358,37.80742097844273],[-122.36322403808946,37.807475651321546],[-122.36363027085459,37.807452752612896],[-122.3639581351496,37.807480531893496],[-122.36412261852838,37.80755072854323],[-122.3643562264649,37.807547035951714],[-122.3646224980271,37.807534585903966],[-122.3647322266205,37.807492333929574],[-122.36480307271785,37.80741841652073],[-122.36497590305723,37.80740744398596],[-122.36515178817181,37.80751797512953],[-122.36514323378934,37.80759089864595],[-122.36521520295669,37.80763027938693],[-122.36579640531487,37.80761284562434],[-122.36598879276464,37.807553487619785],[-122.36628559936476,37.807378485806744],[-122.36640753841861,37.80740883449759],[-122.36659257081034,37.80740109736404],[-122.36684585653603,37.807353829810026],[-122.36725350897518,37.80738788632296],[-122.36734032414637,37.80760489102284],[-122.36745544451425,37.80770813396858],[-122.36778523187125,37.80788077374197],[-122.36787866971393,37.80787929394937],[-122.36792621544629,37.8077734743103],[-122.3680073309019,37.80776394988611],[-122.36816326723839,37.80790706281494],[-122.36853154588233,37.80795822703007],[-122.36878031108533,37.808075148458755],[-122.36918604301997,37.808376366709744],[-122.36923520043568,37.80833506958171],[-122.36926676137641,37.80835105055138],[-122.36922623632451,37.80839151965744],[-122.36927937454186,37.80843943609774],[-122.36962932802692,37.80858771252549],[-122.36978262525425,37.808625800361774],[-122.37030368842422,37.80862577819043],[-122.37045861077665,37.808728395201335],[-122.37061039093726,37.80891208263271],[-122.37072509272494,37.80899885603],[-122.37090953643585,37.80903644027709],[-122.37110701118051,37.809178890479814],[-122.37128128082796,37.809224884266776],[-122.37168601962318,37.8094855999264],[-122.37202602000077,37.810062538206424],[-122.37225485425265,37.81021272938096],[-122.37237181054661,37.810388734023405],[-122.37265204849946,37.81058617582231],[-122.3728194042489,37.810769620401615],[-122.37285577251575,37.811181763816336],[-122.37280507987128,37.81123131929291],[-122.37250936688545,37.8112435719229],[-122.37216592141212,37.81135408975195],[-122.37204113699575,37.81162320832658],[-122.37201488939357,37.811817966434496],[-122.37185956163165,37.81211159919235],[-122.37187484299358,37.81230569815285],[-122.37178616617412,37.8124279683491],[-122.3717928989928,37.81269499213681],[-122.37172205586421,37.812768910048945],[-122.37166597505966,37.812947653052376],[-122.37156611919276,37.813038515129215],[-122.37175280735772,37.81316465431344],[-122.37172828394353,37.8132220426847],[-122.37179282094418,37.81330960304597],[-122.37176819899305,37.813568883786274],[-122.37143729870307,37.813559719771185],[-122.37124643997512,37.814435556991725],[-122.37126554685753,37.814712690507704],[-122.37146642042502,37.815264374976],[-122.37479845535654,37.82024303427891],[-122.37490676102216,37.82021246992249],[-122.3752280656604,37.81956665439872],[-122.37539715981451,37.819612041608636],[-122.37539884194084,37.81967861994883],[-122.37505432623546,37.820296649574004],[-122.3749082174093,37.82027012815009],[-122.37483626051423,37.82030011568943],[-122.37506277105112,37.82063095106071],[-122.37555962229592,37.82124521169481],[-122.3755869848295,37.821369072983686],[-122.37586217977004,37.82177604126264],[-122.37624832906532,37.8222574668686],[-122.37636437650936,37.82253305845853],[-122.37663498074268,37.822758113981685],[-122.37678617153928,37.8229857609328],[-122.37682710168512,37.823166402531555],[-122.37702347004843,37.82353684754694],[-122.37885878061581,37.82627166618427],[-122.37912454354516,37.826783844659126],[-122.37895811150715,37.82732281997407],[-122.37824169945857,37.82918767661169],[-122.37802078705431,37.82962725991443],[-122.37769319350318,37.83043592746352],[-122.37683626165436,37.83085541847203],[-122.37490348774227,37.83166694023434],[-122.374352887114,37.8320121796652],[-122.37420864388294,37.83206048011368],[-122.37408402080926,37.832062459812484],[-122.37343395901085,37.832309702165425],[-122.37332011930795,37.832395978267726],[-122.37317609281345,37.83279587121615],[-122.37303571978691,37.832997248504086],[-122.37279994681397,37.83319258255604],[-122.37258935806227,37.83328794298062],[-122.37245452733562,37.833297639488315],[-122.3724147011199,37.833228917136225],[-122.3724425840056,37.83316735083687],[-122.37271896478715,37.833071630369396],[-122.37284339408478,37.832992744235106],[-122.37299339044878,37.83282967395733],[-122.37317221186302,37.83229875237002],[-122.37313296428326,37.832253366609244],[-122.36862187451362,37.831147874717026],[-122.36777946511367,37.83001371467945],[-122.36283653260932,37.8225943195878],[-122.36343629555034,37.821035617000184],[-122.3635827833368,37.82087055624247]]]]}},{"type":"Feature","properties":{"nhood":"Presidio Heights"},"geometry":{"type":"MultiPolygon","coordinates":[[[[-122.44629999989719,37.791878999765764],[-122.4454019996637,37.7874380003124],[-122.44375299978708,37.787646999885524],[-122.44279300046567,37.782885000120665],[-122.44571100003323,37.78251800037748],[-122.44677499946744,37.78246100029612],[-122.44730200045488,37.78239199990099],[-122.44736600024102,37.782555000292476],[-122.44806400019762,37.782482999767694],[-122.44898900055719,37.78235999974713],[-122.4490789998065,37.782313999654505],[-122.45002599989925,37.782202999708424],[-122.45009200052934,37.782117000279456],[-122.45019900005427,37.78217700016149],[-122.45104599961617,37.782073000253085],[-122.4511200003898,37.78198400014221],[-122.45123300054976,37.78205099962171],[-122.45206100043362,37.78194700040727],[-122.4521429997815,37.78185299969007],[-122.45225200026071,37.78191299974868],[-122.45309900004794,37.78180299996563],[-122.45316999981185,37.78171699973935],[-122.45326800055933,37.7817789997693],[-122.45406999976174,37.781686000177444],[-122.45417599992277,37.7815990001336],[-122.4542830001774,37.78165500032176],[-122.45521100020787,37.78153600017213],[-122.45528099998302,37.78145900040741],[-122.45537800018336,37.7815240001559],[-122.45546900041474,37.781514000395894],[-122.45552399980416,37.78143100020059],[-122.4556329999942,37.78149000042494],[-122.45622599969589,37.78145399983294],[-122.45629600039146,37.781380999962174],[-122.45639600048544,37.781446999935305],[-122.45764700035345,37.78139599954966],[-122.45773300022876,37.78131499973164],[-122.45782299997884,37.781375999662664],[-122.45873000028779,37.78134299976736],[-122.45885900004808,37.781257000272284],[-122.45947599998611,37.78971100039204],[-122.45902899958205,37.78971600015828],[-122.44942600023612,37.791637000174696],[-122.4493670004076,37.79148799987575],[-122.44629999989719,37.791878999765764]]]]}},{"type":"Feature","properties":{"nhood":"Presidio"},"geometry":{"type":"MultiPolygon","coordinates":[[[[-122.44812880222945,37.806891619781915],[-122.44818499990421,37.80675499961311],[-122.44814600017368,37.80635000028526],[-122.44838600020987,37.806220000224606],[-122.44849200012716,37.806087999548296],[-122.44824099943519,37.80447799978822],[-122.44881500041497,37.804229000037594],[-122.44912400026824,37.80400800026868],[-122.44938799992602,37.80371100023794],[-122.44949599943621,37.80347000001428],[-122.44958399963814,37.80315299977219],[-122.44956499951095,37.80279099961393],[-122.44945999990412,37.80245399968414],[-122.44917900028521,37.80207399980205],[-122.4488029996405,37.801771999794276],[-122.4483600001674,37.801586999593496],[-122.44792200037064,37.80153199977779],[-122.44782000052118,37.80163299974723],[-122.44734100026552,37.798552999703695],[-122.44730300049044,37.798459000116445],[-122.44629999989722,37.79187899976578],[-122.44936700040765,37.79148799987574],[-122.44942600023612,37.791637000174696],[-122.45902899958209,37.78971600015825],[-122.45947599998611,37.789711000392025],[-122.45992499978878,37.78954300024072],[-122.46692400035252,37.788131999750746],[-122.4679889999636,37.78784899979758],[-122.4709120001587,37.787220999779386],[-122.47235200015005,37.78723399975011],[-122.47332099999953,37.78719299955231],[-122.47554699947372,37.786782000397565],[-122.47769599970123,37.78679699962424],[-122.47877999962925,37.78689999986184],[-122.47984500000126,37.78679599986264],[-122.48100300014329,37.78706700026248],[-122.4818710004024,37.78722000002193],[-122.48379900022127,37.787740000295564],[-122.48453400041473,37.7892229996531],[-122.48398500027535,37.7897690001795],[-122.48431499970437,37.79007100002753],[-122.48440599990981,37.78964100042959],[-122.48504599949906,37.78953300024939],[-122.48542600034838,37.78982499967139],[-122.48594298908101,37.790838978027715],[-122.48574079990048,37.791021617727644],[-122.48541110412104,37.79146811168894],[-122.48528507442319,37.79171295331831],[-122.48499562265971,37.79194841010664],[-122.48475290439457,37.79221544349932],[-122.48436408766193,37.79273978965963],[-122.48407296942091,37.793294853592194],[-122.48359302572437,37.794035133057065],[-122.48329386493674,37.7946712376925],[-122.48351786472661,37.79473001867274],[-122.48308795673236,37.79561157742416],[-122.4829989079654,37.79590329790349],[-122.48285098354289,37.79617771702511],[-122.4826665983772,37.79681369829229],[-122.48218038873806,37.79783277415863],[-122.48216938347002,37.7979963622674],[-122.48208504279413,37.79823434728444],[-122.482129066386,37.79832872271105],[-122.4820790952147,37.79847223485164],[-122.48195780100679,37.79853524508628],[-122.48187018787718,37.7985354973317],[-122.48183124674553,37.79857395461593],[-122.4819333717577,37.79877492035906],[-122.48189473790599,37.798779747755944],[-122.48178297169324,37.79868619170188],[-122.48175913713598,37.798795407178744],[-122.48169792028663,37.79885723985457],[-122.48155413445889,37.79874823122191],[-122.48154507747286,37.7987916260342],[-122.48167513423282,37.798887530854756],[-122.48168549346872,37.7989300370256],[-122.48161997528466,37.798951868029995],[-122.48156226353127,37.799035757811254],[-122.48150699023668,37.79921106478527],[-122.48137953821903,37.79936744481297],[-122.48138799535026,37.799449803623745],[-122.48110630279386,37.799613015984946],[-122.48106390758257,37.799823262268205],[-122.48098682332561,37.799938044045106],[-122.4809742465688,37.80033090937655],[-122.48075741298972,37.80044308083562],[-122.48037510726482,37.801094575326424],[-122.48029586240563,37.801293452848626],[-122.48020230963867,37.80141696587724],[-122.4800272700315,37.802058881663186],[-122.48004427663265,37.80223541286445],[-122.47989898230051,37.802897558853246],[-122.47935741896082,37.803861456803986],[-122.47917317525574,37.80433158788502],[-122.47914647164781,37.80448324437223],[-122.47895262516938,37.80488158871636],[-122.47872908658819,37.80549261148924],[-122.47868624041344,37.80596158750814],[-122.47862751289458,37.80600769169634],[-122.4786595258713,37.80617055643951],[-122.47857666095975,37.8066377659396],[-122.47852080866338,37.807253290787216],[-122.47848852796548,37.80731114565819],[-122.47847630641657,37.80783326199999],[-122.47840513025875,37.80809330818054],[-122.47806076072342,37.80827800348019],[-122.47789620268371,37.80844904429629],[-122.47795602250474,37.809251637706],[-122.47792250898343,37.809782648101034],[-122.47795740248952,37.81011130591718],[-122.47792463455855,37.81032403404414],[-122.4779758808706,37.81054335606027],[-122.47769135087415,37.81062792359554],[-122.4777381800526,37.81094296746869],[-122.47731406302745,37.81102540188696],[-122.47695201681368,37.81098330789034],[-122.47662239534938,37.81087703403593],[-122.47656141262428,37.810893411076194],[-122.47646645657368,37.81083647606364],[-122.47639890401493,37.8107578516644],[-122.47624379519777,37.81042415586811],[-122.4761928571987,37.81024331654117],[-122.47615494266738,37.80985861504226],[-122.4760486274162,37.8096398427712],[-122.4757898643789,37.80948549243334],[-122.47554060968926,37.80938665892251],[-122.47494932243318,37.80925997328978],[-122.4748015443336,37.80917933072438],[-122.4740592484054,37.8091071741435],[-122.47324818184626,37.80909951046374],[-122.47266638095468,37.80903406225722],[-122.4718069388822,37.80886521122462],[-122.47124080019464,37.80879737630909],[-122.47060108423547,37.80859892471757],[-122.47003280596654,37.809430158882826],[-122.46999049575413,37.80945232460075],[-122.46992295385989,37.80943513632137],[-122.46940312168589,37.809203749451555],[-122.46938709410627,37.80916706609467],[-122.4694457055906,37.8090680686985],[-122.46951294750721,37.809054271041845],[-122.47004685366146,37.809288759558754],[-122.47053687769412,37.808582537229185],[-122.47041966478157,37.80845282433908],[-122.46958583351342,37.80795338119426],[-122.46930446820356,37.80772703255428],[-122.46911206215903,37.80737051703718],[-122.46879005916576,37.8070028140285],[-122.46864190150254,37.80692451972075],[-122.4683030223842,37.80681790262633],[-122.46814854551664,37.80698053406432],[-122.4680422092651,37.806912801848526],[-122.46820496961209,37.80674324791064],[-122.4681549425286,37.806700177063604],[-122.46776718931055,37.80645523173549],[-122.46720353713243,37.806012230683166],[-122.46667067863514,37.80580284279189],[-122.46605790083794,37.80641611763422],[-122.46588856326258,37.80630831644224],[-122.46595361597514,37.806240915665896],[-122.46612372584048,37.80632456737587],[-122.46665191502647,37.805790961260605],[-122.46607449640608,37.80558231288742],[-122.46589585611443,37.80557065771872],[-122.4654607160866,37.80539377827987],[-122.46423043801472,37.80500417914999],[-122.46357930814577,37.80487981558517],[-122.46295301406984,37.80491729272905],[-122.46242979722186,37.805013798159166],[-122.46221316157973,37.80501862216253],[-122.46189667643291,37.80493023985463],[-122.46160190155808,37.80495706365203],[-122.46100774488474,37.805087067651975],[-122.45977254447422,37.80525333833974],[-122.45914643992472,37.805399536875605],[-122.4583714972971,37.80548577076303],[-122.45738664165073,37.805755423951595],[-122.45654135926684,37.80587669989459],[-122.45601448517971,37.80598656450685],[-122.45448347659763,37.806469136518736],[-122.45435373585104,37.80647839808613],[-122.4543084556183,37.80645943246084],[-122.45429392669686,37.80637620050295],[-122.45381563532169,37.806293168792],[-122.45329596093057,37.80625915293879],[-122.45243873421455,37.8062672571178],[-122.4516541020006,37.80635290043521],[-122.45045889973713,37.80664641367977],[-122.44991232809015,37.806721374959174],[-122.44972014048776,37.80671940549832],[-122.44930407104115,37.80683742862817],[-122.44904871968237,37.806819611421226],[-122.44889089399697,37.80672648950834],[-122.44872848172511,37.80670159868355],[-122.44812880222945,37.806891619781915]]]]}},{"type":"Feature","properties":{"nhood":"Potrero Hill"},"geometry":{"type":"MultiPolygon","coordinates":[[[[-122.38487045956524,37.767240007151926],[-122.38484706665308,37.76701265040489],[-122.38285529821383,37.76713851515754],[-122.38280092537067,37.76678380800199],[-122.3858606195329,37.766599477548255],[-122.38593385941822,37.76636146541176],[-122.38591472891619,37.76628454031912],[-122.38629184556348,37.76569018652518],[-122.38651952346721,37.765411690139224],[-122.38654196767048,37.76528588215375],[-122.38647043316715,37.765278015831186],[-122.38643612552062,37.76505867088187],[-122.3864471470754,37.764929018200306],[-122.38648382921191,37.76490798801425],[-122.38650149590227,37.76481457306483],[-122.38649075657547,37.76461712436985],[-122.38644771770312,37.764613270181876],[-122.38645088195838,37.76439969796375],[-122.38660350599373,37.764322295022644],[-122.386601891358,37.76425871959161],[-122.38655742047123,37.76421004853585],[-122.3867209606881,37.7641000793281],[-122.3867390882737,37.76402482989742],[-122.3866183617298,37.763959846381326],[-122.38660446124811,37.763902059618744],[-122.38694615629129,37.76366275499138],[-122.38727234953153,37.76360514953289],[-122.38724131182006,37.76351024320721],[-122.3869045105681,37.76354970846786],[-122.38689413830484,37.76347945825493],[-122.38677514107869,37.76341548902323],[-122.3867250168152,37.7634708075399],[-122.38650256128766,37.76338818433163],[-122.38659690991834,37.76318505040319],[-122.38631391645605,37.763102211618715],[-122.38621441352609,37.76331644061492],[-122.38551012553921,37.76333010903205],[-122.38550300759341,37.76323425547937],[-122.38527865889918,37.76324012779943],[-122.38528833574628,37.76337044064698],[-122.38518191058823,37.763373226121246],[-122.38510367462561,37.76231964962253],[-122.38468141855476,37.76211128013233],[-122.38429159787056,37.762134587119775],[-122.3844619651785,37.76404676567094],[-122.38430416160048,37.764057029907974],[-122.38413174998499,37.76225668107867],[-122.38342720868488,37.76230066434699],[-122.3834506228212,37.76246591318746],[-122.3836310092695,37.762456515691376],[-122.383669156106,37.76255294228734],[-122.38374425744735,37.762544453936094],[-122.38390512159354,37.764143983132186],[-122.3838328689751,37.764147897438],[-122.38381012967271,37.76423636155204],[-122.38358154677371,37.76425364362042],[-122.38353854162317,37.76416384465686],[-122.38346311473013,37.76416793112366],[-122.38345951618429,37.76413131019926],[-122.38329936076816,37.76413998668268],[-122.38310877581628,37.762320542973576],[-122.38229008893992,37.762371643965885],[-122.3825138157158,37.76460620272335],[-122.3823442800613,37.76461219429352],[-122.38212218757923,37.76238212427291],[-122.3817480372925,37.76240547538924],[-122.38169492939278,37.76473809505337],[-122.38163189978253,37.76474057383073],[-122.38163052486634,37.764800980556764],[-122.3814924905972,37.764806408533964],[-122.38145022549901,37.76493515434322],[-122.38117287712103,37.764933013934176],[-122.38112396129803,37.76479915542164],[-122.38098352482552,37.76479893269346],[-122.38102865149341,37.76222375648385],[-122.38330702924995,37.762081552459435],[-122.38218668091591,37.76087873503275],[-122.38211388784765,37.76088812281919],[-122.38205217767819,37.76085647893519],[-122.3819852913164,37.760751532860304],[-122.38199654480633,37.760638506076845],[-122.38169584115725,37.76064718963317],[-122.38183826801986,37.76211850833012],[-122.38133574639278,37.762147903630904],[-122.38114832293172,37.76015757994419],[-122.38061065666372,37.76018788476493],[-122.38091264037838,37.76333587634042],[-122.38070190170917,37.76334239692761],[-122.38040043636047,37.760199732764036],[-122.37950650709949,37.76025011092948],[-122.37980788021001,37.763456518200776],[-122.37977873843865,37.76348518727367],[-122.37956565373322,37.763494121532695],[-122.37953344275671,37.76346618844044],[-122.37920185443839,37.75993816030906],[-122.38125626973307,37.759667560401574],[-122.3812567920469,37.75958306972349],[-122.3814694774336,37.759573338317146],[-122.38144672300525,37.759305470121944],[-122.38130383993064,37.75930863319788],[-122.38119736652725,37.75826678641975],[-122.38123159535887,37.75810022141677],[-122.3814159484526,37.75777862254662],[-122.38147829241635,37.75753116278807],[-122.38148062623455,37.75750902239015],[-122.38142821893467,37.75751914419769],[-122.38140620414623,37.75734306793439],[-122.38146948794805,37.757300271170564],[-122.38144723916064,37.757114911646575],[-122.38132440765067,37.75711687242953],[-122.3813237024863,37.75708902630107],[-122.38136441012914,37.75707909129714],[-122.38132193876183,37.75654612516512],[-122.38140715317532,37.75645626487996],[-122.3814000112693,37.75640530716114],[-122.38131215173624,37.7563782052122],[-122.38126048266291,37.75631322973201],[-122.3812322878281,37.75586527324006],[-122.3809399710702,37.75579979208567],[-122.38093879606514,37.75575338215743],[-122.38103214526963,37.75574260710002],[-122.38075815502079,37.75555197898243],[-122.38071885994817,37.755396674610694],[-122.38075911878178,37.75524152642644],[-122.38086208420594,37.75517194529792],[-122.3813107569522,37.755070417087246],[-122.38171360266615,37.75515601314301],[-122.38379915532593,37.75493857439257],[-122.38407235190104,37.75495118522287],[-122.38410065506541,37.754913590136994],[-122.38407663500696,37.7546586161755],[-122.38399953867162,37.75461806298758],[-122.38356942481886,37.754731723653585],[-122.38343161309588,37.75473990566462],[-122.383204853098,37.75469759987447],[-122.38301586016074,37.754591997323715],[-122.38278515458705,37.75425875378262],[-122.38280617861653,37.75415929164282],[-122.38290384193529,37.754097000373],[-122.38286125384262,37.7536205738685],[-122.38281286101567,37.75351810759133],[-122.3827269583151,37.753432529969324],[-122.38251706660029,37.75334781810339],[-122.38201133985268,37.75332070201722],[-122.38170876845014,37.75318612930513],[-122.39651300012554,37.75231099957708],[-122.39640800033234,37.75117900044503],[-122.39941400000646,37.750989999696955],[-122.39984500022744,37.750883000008066],[-122.40047200037971,37.75067300031481],[-122.40260500041259,37.75055799967905],[-122.40272500045977,37.75049700003733],[-122.40278400001073,37.75038599971569],[-122.40286600019,37.7494779999463],[-122.40296899975047,37.74954999960883],[-122.40326100031423,37.749530000253365],[-122.40378399961243,37.749432999581174],[-122.40330899986995,37.750885000279034],[-122.40337700025204,37.750930999658905],[-122.40335699970656,37.75135100002875],[-122.40300700011221,37.75244600011574],[-122.40297799990577,37.75275000028274],[-122.40324500003837,37.75576000029501],[-122.40330600044193,37.75616600033068],[-122.40339600041351,37.75647100031058],[-122.40354399953654,37.756803999745614],[-122.4037740001741,37.75713799957894],[-122.40416900006676,37.75752999961382],[-122.4044420001742,37.75774799994616],[-122.40554499975511,37.75853699994637],[-122.40590299961292,37.75893400040529],[-122.40626200021022,37.75945199996896],[-122.40638900028321,37.759803999802564],[-122.40649199992218,37.76025499979655],[-122.40649299998017,37.760685999686466],[-122.40628300049691,37.76139299982541],[-122.40565400055671,37.76243299969862],[-122.40538400037079,37.76296999991264],[-122.40520300010361,37.76347799984305],[-122.40510499977647,37.76385199978387],[-122.40506000001498,37.76431100005319],[-122.4050899999291,37.764628000106],[-122.39384800039237,37.76530699992283],[-122.39396799990124,37.76661400005444],[-122.38816399974557,37.76695800007879],[-122.38791700035375,37.76437899995059],[-122.38760599966952,37.76448299979713],[-122.38661500049405,37.76566799975758],[-122.38582299983379,37.76725500010047],[-122.38487045956524,37.767240007151926]]]]}},{"type":"Feature","properties":{"nhood":"Portola"},"geometry":{"type":"MultiPolygon","coordinates":[[[[-122.40465699960654,37.73294900044341],[-122.40396200053262,37.7316100003677],[-122.40340000029198,37.73065800029143],[-122.40275200051704,37.72935699997382],[-122.40220900047322,37.728101999800465],[-122.40118300054883,37.72458799957041],[-122.39946400028651,37.72033000025049],[-122.39937700054415,37.72000500038449],[-122.39938699998703,37.719881999924525],[-122.3991249995737,37.719730000084574],[-122.3988630003274,37.71868299992612],[-122.39918799998203,37.7180879999594],[-122.39928299999544,37.717529000234876],[-122.3996150000357,37.71627799982978],[-122.39974000021746,37.71618300028485],[-122.3998280000516,37.7166500003209],[-122.40043500044708,37.719161999777874],[-122.40355499997392,37.71833700026806],[-122.40385399997592,37.71882999996642],[-122.40531899953884,37.71957900006327],[-122.40610000024199,37.719836999704086],[-122.40643100002313,37.71975400020048],[-122.4066650001411,37.71921499986079],[-122.40699800031344,37.71999099975129],[-122.40709800009616,37.72008799989473],[-122.40795599973184,37.71986400029342],[-122.40797700013225,37.719736000045174],[-122.40808899996767,37.719830000392506],[-122.41099000044217,37.719074000020804],[-122.41296900018766,37.7238579997438],[-122.41592300032936,37.723085000215015],[-122.4155579999962,37.7222260001367],[-122.41663199943194,37.72215699986031],[-122.41691700053752,37.7228249997832],[-122.41778100035778,37.72259700001736],[-122.41791399964738,37.72262700037037],[-122.4183919997788,37.72376799965762],[-122.41937500036171,37.723497999941834],[-122.41987499999588,37.72471000038346],[-122.41790600012193,37.7252209998074],[-122.41840400046325,37.72642499957692],[-122.41445999966336,37.72745699956069],[-122.41519299974384,37.729222999836466],[-122.41617399946647,37.72891900010596],[-122.41663700025285,37.72880900038167],[-122.4168640002004,37.72879600024179],[-122.4187440002415,37.729089000035245],[-122.41948600023976,37.72904600023603],[-122.41953599950202,37.729129000366356],[-122.41926999977355,37.73133000033251],[-122.41935600035062,37.731439000154914],[-122.41951400054286,37.73149000020724],[-122.42018499977127,37.731462999931274],[-122.42094499977387,37.73130899968074],[-122.4217529998151,37.73108500018827],[-122.42170299946211,37.731806999904315],[-122.42035800045343,37.73200600030339],[-122.41946400003398,37.73205999994656],[-122.41739199975684,37.7320500004143],[-122.41665700054803,37.732012999885384],[-122.4159389994706,37.732071999643466],[-122.41511499981512,37.732229999681294],[-122.41438800035074,37.7324169998999],[-122.41208499973717,37.73345700000014],[-122.41147299977662,37.73378600011757],[-122.40995000029714,37.734715000152114],[-122.40950499972833,37.73504399958104],[-122.40914099984268,37.735375000370276],[-122.40881000039968,37.73577300015848],[-122.4084879995164,37.73629100037396],[-122.40833699962516,37.73667799987933],[-122.40824500000532,37.737062999998656],[-122.40821699959282,37.737611999616114],[-122.40778899971897,37.73777700000759],[-122.40710300047124,37.73796600003939],[-122.4069109998947,37.737966000134165],[-122.40694699984917,37.73782899974322],[-122.40677199974492,37.73642399992805],[-122.4067040001295,37.736308999693605],[-122.40661900042298,37.73589699962653],[-122.4064550000261,37.735511000090554],[-122.40549500021233,37.73428699965818],[-122.40509600008315,37.73371600012329],[-122.40465699960654,37.73294900044341]]]]}},{"type":"Feature","properties":{"nhood":"Pacific Heights"},"geometry":{"type":"MultiPolygon","coordinates":[[[[-122.42349300000998,37.79561399976182],[-122.4233479994746,37.79489699996021],[-122.42322699953948,37.79481699991957],[-122.42331100055424,37.7947109996965],[-122.42316999993359,37.794015000272296],[-122.42304900049216,37.79393500005461],[-122.42313299962807,37.79382899995969],[-122.42299300013183,37.793130000015005],[-122.42287099953157,37.793049999733704],[-122.42295500019095,37.79294399971139],[-122.42281600004543,37.79225500020702],[-122.422693999938,37.792174999748426],[-122.42277800010044,37.792068000383566],[-122.42263599945746,37.791369000087435],[-122.42251500038486,37.791289000258104],[-122.42259899956053,37.79118300045524],[-122.42245499955116,37.79047200035745],[-122.42232900025733,37.79037000029706],[-122.42561599952764,37.78995200029008],[-122.42504700051738,37.787129999861385],[-122.44318300014777,37.784827000053326],[-122.44375299978708,37.787646999885524],[-122.4454019996637,37.7874380003124],[-122.44629999989719,37.791878999765764],[-122.4467279995703,37.79470600008707],[-122.43695000046232,37.79594899963438],[-122.43676100021689,37.79501599957787],[-122.42360100041957,37.796691000098924],[-122.42368899957614,37.79658000029824],[-122.42353900008861,37.79583799973971],[-122.42341300018697,37.79573700022198],[-122.42349300000998,37.79561399976182]]]]}},{"type":"Feature","properties":{"nhood":"Outer Richmond"},"geometry":{"type":"MultiPolygon","coordinates":[[[[-122.47237499996956,37.78250400002708],[-122.4722539998326,37.780828999778144],[-122.47231199949984,37.780655999678146],[-122.47222099980682,37.780520999656915],[-122.4720999999542,37.77885200003448],[-122.47217400041575,37.778727999647266],[-122.47208399971099,37.77862799999104],[-122.47196600043759,37.776970000426736],[-122.47203999977984,37.77686799993858],[-122.47196300027748,37.776774000280135],[-122.47184700027087,37.77509999964799],[-122.47190499999569,37.77500300005333],[-122.47183300010457,37.77491300014661],[-122.47171099971595,37.773244000173],[-122.47176199964201,37.77313900031373],[-122.51105399990385,37.77134199980686],[-122.51314674416658,37.770761071253034],[-122.51309692225024,37.77190239768625],[-122.51316489058641,37.77222949168285],[-122.51314207258753,37.77229331581592],[-122.5131807117539,37.772392177699295],[-122.51313306349404,37.7725064535293],[-122.51314589323681,37.77304577775383],[-122.51310895814932,37.77316986080269],[-122.5131376957285,37.77329296651663],[-122.51313634355715,37.77368526451432],[-122.51309883425888,37.77391041028463],[-122.51311617580342,37.77455021728099],[-122.51317047464171,37.77510860265327],[-122.51315523708654,37.775413377975845],[-122.51311827876388,37.77549479863422],[-122.51311609004667,37.77599200383025],[-122.51335056314589,37.77733031221925],[-122.5135122391524,37.777602764047906],[-122.51379033709614,37.77771076388436],[-122.51397004545007,37.777742615033766],[-122.51413032524472,37.77790216953705],[-122.51427186808723,37.778124932222084],[-122.51462991093284,37.778506287024555],[-122.51466176159906,37.77864369221333],[-122.51463645652277,37.7787475856472],[-122.51456498920948,37.77884618277813],[-122.51457878577934,37.778977809548905],[-122.51449918571983,37.77915363462134],[-122.51449394029488,37.77924298445755],[-122.51456772288212,37.77941821718076],[-122.51485440599734,37.77952489449924],[-122.51494757950903,37.77971938665446],[-122.51489723147886,37.77984840020338],[-122.51474979665764,37.77987227831468],[-122.51464070206976,37.77982074624951],[-122.51456537048571,37.77989702088098],[-122.51447489666859,37.780426017788486],[-122.51446690428374,37.7806026469401],[-122.51464777504066,37.780861253427965],[-122.51472420002189,37.78113381578467],[-122.51458554545965,37.781300506589645],[-122.5142934989848,37.78127912478422],[-122.51428479110065,37.78142939325879],[-122.51424228212758,37.781464607114806],[-122.51386801819596,37.78142839946655],[-122.51375939442038,37.78147691367917],[-122.51388329864223,37.78161477437778],[-122.51369649928063,37.78189183342581],[-122.51367080689941,37.78198153330274],[-122.51352266836372,37.78208143919874],[-122.51346685890347,37.7821919392872],[-122.51359002322121,37.782396759376155],[-122.51350406769038,37.78243271407485],[-122.51346043224169,37.78252069165099],[-122.51349854677045,37.78270059145538],[-122.51344446820612,37.78278063174901],[-122.51331251253721,37.78281737278085],[-122.51317769724079,37.78274867203272],[-122.51309913327697,37.78277435770782],[-122.51308198743308,37.78289636946951],[-122.51298605625412,37.78303595587853],[-122.51302628736698,37.78319959022666],[-122.51287899552669,37.783236591707826],[-122.51280620271382,37.78347518730246],[-122.51270606666053,37.78355398575052],[-122.51251865414358,37.78362007319312],[-122.51246572669653,37.783742696513436],[-122.51271373244083,37.78393118475793],[-122.51265225982578,37.78402149516637],[-122.51268050891625,37.78412041640672],[-122.51256632978664,37.784152795720196],[-122.51211170364164,37.783793369022845],[-122.51191648508126,37.78394884968409],[-122.51193599437053,37.7841026945619],[-122.51200153326586,37.78416243559529],[-122.51201123307835,37.784237330283744],[-122.51191136983155,37.78432626675301],[-122.51164313642066,37.78433490112048],[-122.51148592379359,37.78428889605219],[-122.51130169838999,37.78428392427644],[-122.51133365405684,37.78442538482374],[-122.51130644641931,37.78455365392144],[-122.51122929839347,37.78458861127692],[-122.51102455848708,37.78448531016132],[-122.51083876553658,37.78458459303525],[-122.51074688106763,37.78467159623878],[-122.51023697066415,37.78473368782841],[-122.51016881985193,37.784702811834826],[-122.50999445985126,37.78472714375593],[-122.5098539987413,37.78479402699856],[-122.50978300033978,37.784028999990156],[-122.50748399945418,37.78218500024411],[-122.50847999982194,37.78227900008398],[-122.50861599975674,37.78222199982163],[-122.508761999455,37.78205100043293],[-122.50892399949183,37.78201300002492],[-122.5098370001639,37.78219499958266],[-122.50997399976794,37.78215999965129],[-122.51010200020397,37.782063999726184],[-122.51021500001761,37.78202999990802],[-122.51050599947705,37.7821219997974],[-122.5106359996834,37.782123000205665],[-122.5107810002677,37.78205899993491],[-122.50987899944624,37.7806269997375],[-122.50675200038263,37.78077299979374],[-122.50650900040746,37.780856999570105],[-122.50629999977485,37.7809960002397],[-122.50618799974129,37.78103199986167],[-122.49304399989366,37.78164600042163],[-122.49341700055551,37.78285799991717],[-122.49349099991436,37.783497999724545],[-122.48715099953623,37.783784999643935],[-122.48728599943938,37.78564899989036],[-122.47262599987117,37.786315000362784],[-122.4725789995684,37.78620800006601],[-122.47259599973125,37.78549199964635],[-122.47252500048731,37.78456000009203],[-122.4725859994697,37.78444900017242],[-122.47251299990879,37.78437299991946],[-122.47238700033786,37.782674000430546],[-122.47245100055746,37.78257900025697],[-122.47237499996956,37.78250400002708]]]]}},{"type":"Feature","properties":{"nhood":"Outer Mission"},"geometry":{"type":"MultiPolygon","coordinates":[[[[-122.44638300006493,37.71143599980435],[-122.44893100020992,37.710073999858366],[-122.4542809997927,37.70825600025361],[-122.4539830001551,37.70823199961623],[-122.4627830004892,37.70823199993958],[-122.46358300045422,37.70833200008092],[-122.46408299952458,37.70823200014851],[-122.46467000038186,37.70821100018522],[-122.46893899975552,37.70823200033623],[-122.46847400009906,37.7086850003763],[-122.46771800032866,37.70928199976112],[-122.46716200056129,37.709633999814685],[-122.46679199959001,37.709825999558696],[-122.46599400021071,37.71015400000351],[-122.46476700040242,37.7104819998327],[-122.46417599995709,37.710547999594596],[-122.45830700051224,37.71060000034399],[-122.45731199980375,37.710647999883506],[-122.4563390001218,37.71083200035013],[-122.45559600054004,37.711076000429244],[-122.45502800030388,37.71131700009998],[-122.45387100007868,37.71204299962168],[-122.45227800036588,37.71334399980838],[-122.45163400022707,37.71393700029113],[-122.45023499993917,37.715131999904344],[-122.44962699943264,37.71573899984747],[-122.44921099964269,37.71630600041545],[-122.44883699989649,37.71705500042943],[-122.44868599999998,37.717595999954334],[-122.44812199947037,37.72199699999219],[-122.44799000030437,37.72266900028439],[-122.4475340004662,37.7240050000653],[-122.44686400028979,37.725212999727894],[-122.44630799962675,37.72597800005015],[-122.44504099996344,37.72729500040078],[-122.44442300029272,37.72779900013716],[-122.44379099998064,37.7282330000609],[-122.44307499998861,37.72863400000081],[-122.44196999961673,37.72913600031577],[-122.4394830003677,37.730112000430665],[-122.43955800016597,37.73019100027905],[-122.43701200043193,37.731118000169964],[-122.43589199951839,37.731577000010816],[-122.42979900055772,37.734406000201815],[-122.42857300021538,37.73508199997301],[-122.42843700014205,37.734950999696515],[-122.42611499951167,37.733954000092496],[-122.42617499973669,37.73393800028093],[-122.42637499946231,37.73373600038635],[-122.42639100020645,37.733674999806055],[-122.4288730004696,37.73117500014209],[-122.42930400014724,37.730742000166885],[-122.42937800035419,37.730719999751585],[-122.43010500035203,37.72998800034949],[-122.43011099999664,37.72993100043001],[-122.4301809998441,37.72985999956033],[-122.4302600003448,37.72983200009606],[-122.4308049997675,37.72928399996224],[-122.43080900049696,37.72922799976696],[-122.4308780001203,37.729209000300315],[-122.43126899950813,37.72880699971511],[-122.43129399961074,37.72873000003446],[-122.43280800016205,37.727315000282566],[-122.43646799966825,37.7224650001857],[-122.43714999972181,37.721574999787194],[-122.4372089997982,37.72155000008133],[-122.43745699981137,37.72122199992438],[-122.43746099971713,37.721164000428026],[-122.43753299976498,37.72112200044424],[-122.4383120002657,37.720093000283256],[-122.43832899948553,37.72001599980644],[-122.43838899975735,37.719991000141796],[-122.43885499957864,37.71937399981338],[-122.43886299990578,37.719309000327094],[-122.43892199987714,37.719286000446644],[-122.43949699953453,37.71852499990279],[-122.43950000043105,37.718466999608935],[-122.43955700049823,37.71844599970658],[-122.44010600017307,37.71771900020957],[-122.44010700043462,37.71766500005063],[-122.44018600016597,37.717623999677656],[-122.44041800031283,37.717309999946],[-122.44041799957265,37.717244999628186],[-122.44189599947053,37.71530799990277],[-122.44552800031896,37.71188699971473],[-122.44638300006493,37.71143599980435]]]]}},{"type":"Feature","properties":{"nhood":"Sunset/Parkside"},"geometry":{"type":"MultiPolygon","coordinates":[[[[-122.47730799991515,37.76544800040394],[-122.47724099945027,37.76532100002087],[-122.47712100052017,37.763675000239544],[-122.4771740002885,37.76355899970617],[-122.47710100009397,37.76345500014983],[-122.47696399953207,37.761811000011804],[-122.47701099955874,37.761698999757876],[-122.4769250000983,37.761583999616526],[-122.47674799963067,37.75995300039043],[-122.47688099998788,37.75972200021286],[-122.47676600001397,37.7580800001903],[-122.47668400056722,37.75796900004512],[-122.47674999944952,37.75790400029937],[-122.47662899978478,37.75617199971437],[-122.47655400007568,37.756110000113225],[-122.47661399996701,37.756046000436214],[-122.4764950001104,37.754349000216685],[-122.47642400050026,37.754241999835926],[-122.47647999956489,37.754128999701905],[-122.4763639998075,37.752484000150595],[-122.47629199977487,37.75237900007891],[-122.47634299962046,37.75226299977282],[-122.47622899977767,37.750622000041815],[-122.47616300019672,37.75051200016592],[-122.47621600036344,37.7503989998649],[-122.47610200019126,37.748755000289115],[-122.47603299957862,37.74864800039568],[-122.47608699953692,37.74853700029193],[-122.47597299969787,37.746888999589785],[-122.47590200004956,37.74678199979291],[-122.47595399969019,37.746670000423464],[-122.47583899981588,37.74502600029123],[-122.47577300044168,37.74491900038806],[-122.47582399971503,37.74480600030296],[-122.47570999948871,37.74317300044392],[-122.47564399967364,37.74305199981023],[-122.47571100033971,37.74294400004467],[-122.47561699952514,37.74127499981114],[-122.47554000005186,37.741187000164366],[-122.47560599996514,37.74109900023539],[-122.47548499964054,37.73943199957467],[-122.47540899970838,37.739325000398814],[-122.47547099976046,37.73921300009559],[-122.47536199960594,37.73754599956607],[-122.47528899974417,37.737455000099374],[-122.4753519999003,37.73736300035016],[-122.4751840004147,37.73476399966055],[-122.47510200031988,37.73462600017238],[-122.47516400023211,37.734483000117],[-122.47503700011931,37.73262200002643],[-122.47495499953438,37.732455999970014],[-122.4750040002385,37.732353000143014],[-122.47493299949093,37.73118100035969],[-122.47485700042661,37.73106599965639],[-122.47592699952446,37.731103999564105],[-122.48192999956463,37.73117200017363],[-122.48266400024777,37.73114700041218],[-122.4861789998657,37.73087899989244],[-122.48617700032277,37.73059099989129],[-122.48631100052289,37.73022099975806],[-122.48651599955627,37.729801999735855],[-122.48655199977837,37.72958500011155],[-122.48672399991027,37.72958699973399],[-122.48888999981878,37.730256999776124],[-122.48920500009649,37.73031899957514],[-122.48958000040538,37.730285999663806],[-122.4899010005274,37.73016499987924],[-122.49013499980575,37.73000299982694],[-122.49042500008802,37.72969200040611],[-122.49054700010848,37.729651999718214],[-122.49055899990714,37.72954800041945],[-122.49101100033566,37.72907299992175],[-122.49144200033253,37.72886399992067],[-122.49192900016153,37.72879699968676],[-122.49226699989819,37.728839999902654],[-122.49253800045958,37.728947000072246],[-122.49331099985787,37.72936300013472],[-122.49344399944233,37.729485000013625],[-122.49346999978883,37.72959699957171],[-122.49568799984094,37.7290589997995],[-122.49603500007393,37.72901200031119],[-122.49635700050246,37.72903399967242],[-122.49669900048292,37.729124000222264],[-122.49701699945027,37.72930300032758],[-122.49723299976539,37.72948999963054],[-122.49735400010512,37.72966799980073],[-122.49806000043672,37.73116499968663],[-122.49800199959154,37.73127800024094],[-122.49823000029488,37.73137599962061],[-122.49905899954163,37.73157599962528],[-122.49810699966483,37.7322679996792],[-122.49745600051372,37.733012999934445],[-122.49676000046996,37.73358600040164],[-122.49663600004197,37.73377100026697],[-122.49685600024014,37.7338670002067],[-122.49748700037739,37.733925000023014],[-122.49803100048804,37.734026999590135],[-122.49860599988997,37.734185999645916],[-122.499033000064,37.73435899983026],[-122.49919599999737,37.73431200036025],[-122.49923899995565,37.734454000039364],[-122.50006300022366,37.73490499970914],[-122.50049299996942,37.735104999911265],[-122.50090200045048,37.73525300037448],[-122.50109700041179,37.735206000096056],[-122.50117899944298,37.73534199959728],[-122.50203099956653,37.73551500039378],[-122.50255799957226,37.73555699957149],[-122.50299499950032,37.7355550003142],[-122.5031049999682,37.73546600011059],[-122.50321899957909,37.73555100006362],[-122.50515300054829,37.735564999723735],[-122.50536900042741,37.73538300039862],[-122.50651600046422,37.73538399984487],[-122.50671700048414,37.735470000432514],[-122.50853813716036,37.73540197559811],[-122.5084997129194,37.73556775247202],[-122.50853393585861,37.73560484185859],[-122.50850700089336,37.73566180976125],[-122.50851984671058,37.73578591071608],[-122.50846404403823,37.735828301959444],[-122.50845124815643,37.73631746693009],[-122.50851602538003,37.736662985486596],[-122.50866266194909,37.73696034217177],[-122.50872003822715,37.73716018577905],[-122.50878608220177,37.737552448881644],[-122.50874189119864,37.737968600541244],[-122.50875680128529,37.73839199633496],[-122.50880352277733,37.73871031391255],[-122.50889459988892,37.73900311543125],[-122.50889060231826,37.73923976744788],[-122.50874199660595,37.73982110762764],[-122.50877819337107,37.739857752336675],[-122.50877660780453,37.74001613999411],[-122.50872437549276,37.74025457318914],[-122.50882899084027,37.74043443925298],[-122.50881290489903,37.74049060574288],[-122.5088610853401,37.74053636134768],[-122.50886662326023,37.74074120546503],[-122.50893315313466,37.74081459387334],[-122.50893592220058,37.74091701592653],[-122.50902717209878,37.741036559837006],[-122.50903580714883,37.741138881869816],[-122.50906676935215,37.74119890380531],[-122.50913292220133,37.741258325698695],[-122.50918570922853,37.741257425609575],[-122.50924675283204,37.74134488113391],[-122.50922744588317,37.741498914248],[-122.5091774292436,37.741602236372195],[-122.50920839175433,37.74166225826583],[-122.50918858111564,37.74179766950567],[-122.50905189481718,37.74216795681554],[-122.50907326666307,37.742307323452444],[-122.50905383436434,37.742456701029454],[-122.5091436262708,37.74273928879273],[-122.50919243665803,37.74280832158546],[-122.5091586300523,37.742860132643514],[-122.50918037994772,37.743013465637],[-122.50924829809114,37.743138064824585],[-122.50930315175017,37.74343056432986],[-122.50942202195752,37.7437033408044],[-122.5094180444264,37.743773273687125],[-122.5095656130286,37.744022272573304],[-122.50968252252974,37.74443946994019],[-122.50961558997017,37.74478528088529],[-122.50944340352183,37.74492794737597],[-122.50946263649283,37.74498817011966],[-122.50939728705173,37.745292399506795],[-122.50933588005104,37.745938385730426],[-122.50942639971925,37.7463688885202],[-122.50955084278317,37.74675633458241],[-122.50959752521682,37.747154925649426],[-122.50977240359761,37.7474963276894],[-122.50982860762439,37.747726018921824],[-122.50982983773442,37.747930558653216],[-122.50970890049513,37.74879619183394],[-122.50971325506423,37.74908364906166],[-122.50986214319214,37.749499656285955],[-122.51022119793097,37.74998778884973],[-122.51043449929467,37.75034862490378],[-122.51054943134595,37.75084491618965],[-122.51051242993621,37.75140935836197],[-122.51053765546256,37.751600457596766],[-122.51070065899559,37.75189472234533],[-122.5108256355983,37.752223455641214],[-122.5109829179672,37.75243227559605],[-122.51102771750098,37.75254577024456],[-122.51100806483558,37.75318945527891],[-122.5111000989634,37.75371136414623],[-122.51129306143079,37.75412438142272],[-122.51124708947145,37.75422033504327],[-122.51130477566012,37.75434722917829],[-122.51117413705452,37.75450442400766],[-122.51118717002245,37.75498585708583],[-122.51113040682127,37.75520034278887],[-122.51127275915698,37.75560508603795],[-122.51129837481086,37.75585789070645],[-122.51134376572458,37.75591670146188],[-122.51144247625668,37.756327155124836],[-122.51154138454397,37.75697595053511],[-122.51151065095586,37.75699633658872],[-122.51155072946479,37.75708999691415],[-122.51154829950248,37.757462451860604],[-122.51163578648354,37.75768937305607],[-122.51162636832984,37.75780374057659],[-122.5116942156055,37.75822961641698],[-122.51184679212678,37.75901156362101],[-122.5118670124468,37.75946918549973],[-122.51195395781669,37.75979192003152],[-122.51190426659448,37.7604406514205],[-122.51185550290253,37.760684590137416],[-122.51186313736521,37.76090553986946],[-122.5119645103435,37.761226631147515],[-122.51206484885756,37.761353669166766],[-122.5121458482168,37.76156854749131],[-122.51220321639204,37.76160485411668],[-122.51241288631839,37.7624066586344],[-122.51247227575938,37.762517503572944],[-122.5122746055391,37.76319948911937],[-122.51236992183007,37.76358601594727],[-122.51034100013314,37.76400100000712],[-122.51016100018757,37.76408000011333],[-122.50957499985182,37.76409999995446],[-122.50940200008137,37.76403299986897],[-122.50928399968699,37.76408799973355],[-122.50846199984274,37.76410600024422],[-122.50833099971696,37.764075999686106],[-122.50820900022278,37.76412000031134],[-122.50736500027448,37.764152000104424],[-122.50726200049183,37.76411599961568],[-122.50714899965588,37.76416399968525],[-122.50632300007562,37.76420299990912],[-122.50619099996129,37.7641659996828],[-122.50609000006779,37.76421000025168],[-122.50523200036257,37.76424900031155],[-122.50511999990105,37.76421400005694],[-122.50498199991219,37.7642599998736],[-122.50415799964705,37.76429600023313],[-122.50404900011632,37.764261000213885],[-122.50392600027443,37.76430400037616],[-122.50308400010941,37.76434300023998],[-122.50297600033444,37.76431099958376],[-122.5028609999211,37.76435399967187],[-122.50201500050704,37.76439300035646],[-122.50190100021754,37.76436099970445],[-122.50181000000494,37.764406000127394],[-122.5009360004308,37.764443000104414],[-122.5008310001083,37.764405999696514],[-122.5007289994522,37.76445199982317],[-122.49985000002657,37.76448700015336],[-122.49976000028404,37.76445000023588],[-122.49964100031917,37.76450100037886],[-122.49876999944215,37.76453800007731],[-122.49868699991849,37.764495000082725],[-122.49859800044833,37.76454599963288],[-122.49773899958099,37.76458600022027],[-122.49761600047856,37.76454500043985],[-122.49745699996683,37.76460100039405],[-122.49663099955998,37.76465099970976],[-122.49654699977998,37.76459599991391],[-122.49643099994628,37.7646600003362],[-122.49558599958942,37.76469599981944],[-122.49547499973282,37.76463800016623],[-122.49534499971739,37.764706000075535],[-122.49451399982009,37.76473000005143],[-122.49440199958647,37.76468599987694],[-122.49431599980286,37.7647370003575],[-122.49342100016914,37.76477600043242],[-122.49333100018275,37.76473299975247],[-122.49322100035404,37.764783999740494],[-122.49238100031432,37.76482100015839],[-122.49225800052068,37.76478000025187],[-122.49212800014895,37.76482299995027],[-122.49131800049962,37.76486299963617],[-122.4911859995222,37.76483299973693],[-122.49103699948711,37.76487199957417],[-122.49023000009333,37.76490799999207],[-122.4901159998629,37.76488099977535],[-122.48992200019832,37.764921999866075],[-122.48916800023687,37.76495599961435],[-122.48904199958105,37.76492899991024],[-122.48892899973139,37.76497000041978],[-122.48808700011958,37.76500299973208],[-122.48796699978966,37.76497100037854],[-122.48784300044933,37.76501999994043],[-122.48701499977675,37.76505799975825],[-122.48690199991688,37.7650190004042],[-122.48676899977556,37.76507199971172],[-122.48595400028525,37.765110000022894],[-122.48583100032458,37.76506899977587],[-122.48572500023239,37.76512000008643],[-122.48485499951826,37.76515899957834],[-122.48475900046903,37.76511700009348],[-122.48464099990672,37.76516799961117],[-122.4838039995296,37.76520199981052],[-122.48368499958984,37.76515999994847],[-122.48351500054909,37.76520799993205],[-122.48274000041926,37.76524399986514],[-122.48261500016831,37.76521000006247],[-122.48248599961197,37.76525499997154],[-122.48165099969238,37.76529399990238],[-122.48154100004768,37.76526000001841],[-122.48141199992614,37.76530299980116],[-122.48059499984114,37.76533800001005],[-122.48046900027613,37.76530600015011],[-122.48034899990036,37.76534500018582],[-122.47952000047972,37.76537999986523],[-122.47939800020198,37.76535100039363],[-122.47926800023643,37.76539499964194],[-122.4783470005072,37.76543599968643],[-122.47832500031951,37.765399000313394],[-122.47820299999073,37.76545199988297],[-122.47748900013517,37.76548599963957],[-122.47730799991515,37.76544800040394]]]]}},{"type":"Feature","properties":{"nhood":"Oceanview/Merced/Ingleside"},"geometry":{"type":"MultiPolygon","coordinates":[[[[-122.46128099945813,37.7249970002057],[-122.46121100017825,37.724950000059906],[-122.46113499998525,37.7249619998748],[-122.46028600007686,37.72478799978415],[-122.46023400029384,37.724748999911164],[-122.46018099946447,37.7247660003731],[-122.45999499953909,37.72472700033534],[-122.45995500035929,37.72468999968752],[-122.45989399979477,37.72470499989583],[-122.45925599990417,37.724570999736386],[-122.45921299983816,37.72453299971726],[-122.45914000002357,37.72454600008695],[-122.45824300006714,37.72435700038616],[-122.45819100052339,37.72431799962755],[-122.4581209995765,37.72433099998736],[-122.45736800048883,37.72417200026007],[-122.45734099965061,37.7241380001736],[-122.45730000025142,37.724158000206685],[-122.45718500017979,37.72413300006534],[-122.4571690003306,37.72410200032363],[-122.45710900043743,37.72411699958861],[-122.45655199963151,37.72400000005607],[-122.45651600009509,37.72396399980323],[-122.45646900025673,37.72398200023221],[-122.45618100050235,37.72392100020307],[-122.45614999962254,37.72388699958431],[-122.45608800054062,37.72390199998319],[-122.45517400003966,37.723709000220616],[-122.45513599965028,37.72367199995373],[-122.45506999990192,37.72368700042469],[-122.45416099965158,37.72349500039043],[-122.45404200021864,37.72341300024472],[-122.4531640004297,37.7232280000672],[-122.45304200042564,37.72325900007859],[-122.45237300020456,37.723116999992456],[-122.45233200050632,37.72307999988789],[-122.45222000038581,37.72311499971312],[-122.45171099998876,37.723045999968754],[-122.45159500053366,37.72299200033711],[-122.45147399959843,37.723077999657086],[-122.44961500007093,37.72301899999657],[-122.44955899953567,37.72296099978451],[-122.4494839998844,37.72300300005032],[-122.44787799956123,37.72300499989106],[-122.44799000030437,37.72266900028439],[-122.44812199947037,37.72199699999219],[-122.44868599999998,37.717595999954334],[-122.44883699989649,37.71705500042943],[-122.44921099964269,37.71630600041545],[-122.44962699943264,37.71573899984747],[-122.45023499993917,37.715131999904344],[-122.4529509997119,37.712772000162666],[-122.45387100007868,37.71204299962168],[-122.45450400040671,37.711633999680785],[-122.45502800030388,37.71131700009998],[-122.45559600054004,37.711076000429244],[-122.4563390001218,37.71083200035013],[-122.45731199980375,37.710647999883506],[-122.45830700051224,37.71060000034399],[-122.46417599995709,37.710547999594596],[-122.46476700040242,37.7104819998327],[-122.46599400021071,37.71015400000351],[-122.46679199959001,37.709825999558696],[-122.46716200056129,37.709633999814685],[-122.46771800032866,37.70928199976112],[-122.46847400009906,37.7086850003763],[-122.46893899975552,37.70823200033623],[-122.47088299965807,37.70823199960126],[-122.47131899976938,37.70830500038498],[-122.47121500015237,37.70893899982974],[-122.47125500006119,37.71183099971487],[-122.47133699966959,37.71268900023591],[-122.47147199956056,37.71342699972822],[-122.47183599975479,37.71464699995661],[-122.47263299999435,37.71690800037327],[-122.47257200044511,37.71717399992926],[-122.47265499958948,37.717500000440765],[-122.47265199948168,37.71769800011149],[-122.47244899966977,37.72145299955757],[-122.4723220001545,37.721623999605555],[-122.47175999952165,37.721671000240214],[-122.47167399962855,37.72163099997291],[-122.46226500047058,37.72169500041872],[-122.46227999985595,37.725147000316646],[-122.46221300040241,37.72526600034985],[-122.46210399994457,37.725270000446294],[-122.46128099945813,37.7249970002057]]]]}},{"type":"Feature","properties":{"nhood":"North Beach"},"geometry":{"type":"MultiPolygon","coordinates":[[[[-122.4115240536888,37.81044879608742],[-122.41153985323241,37.81044318863582],[-122.41161987776191,37.81058326622713],[-122.41160411270023,37.81058893441228],[-122.4115240536888,37.81044879608742]]],[[[-122.41175767867192,37.81057884363537],[-122.41177347933768,37.810573235233406],[-122.41179485387877,37.81060978970772],[-122.41177905320674,37.81061539811251],[-122.41175767867192,37.81057884363537]]],[[[-122.4113641896826,37.810505538822554],[-122.41137998922706,37.810499930491616],[-122.41146052264153,37.81064089934612],[-122.41144475757876,37.8106465684108],[-122.4113641896826,37.810505538822554]]],[[[-122.41167323618089,37.81060881584611],[-122.4116890368594,37.81060320745548],[-122.41171041139074,37.8106397628457],[-122.41169460957046,37.81064537125756],[-122.41167323618089,37.81060881584611]]],[[[-122.41158733252901,37.81063930644136],[-122.41160313210838,37.81063369898155],[-122.4116245065829,37.81067025348631],[-122.41160870588514,37.810675861868226],[-122.41158733252901,37.81063930644136]]],[[[-122.41187142427496,37.8105891670982],[-122.41188722493435,37.81058355868102],[-122.41194268161324,37.81067840244563],[-122.41192688093787,37.81068401087017],[-122.41187142427496,37.8105891670982]]],[[[-122.41150686119848,37.81066786956199],[-122.41152266190224,37.81066226119379],[-122.41154403634536,37.810698815712854],[-122.41152823563547,37.81070442408395],[-122.41150686119848,37.81066786956199]]],[[[-122.4117822270914,37.81062082692352],[-122.41179802776442,37.8106152185183],[-122.41185655361713,37.81071530988368],[-122.41184075181498,37.810720919215846],[-122.4117822270914,37.81062082692352]]],[[[-122.41142105985564,37.810698324129554],[-122.41143686057225,37.8106927157728],[-122.41145823498191,37.810729270307284],[-122.41144243425914,37.810734878666864],[-122.41142105985564,37.810698324129554]]],[[[-122.4116977845626,37.8106507991516],[-122.4117135852715,37.81064519165861],[-122.41178621941319,37.810769413181134],[-122.41177041984199,37.81077502156619],[-122.4116977845626,37.8106507991516]]],[[[-122.41161188089544,37.810681290665364],[-122.4116276804586,37.810675682301415],[-122.41170031564512,37.81079990475854],[-122.41168451606102,37.81080551313214],[-122.41161188089544,37.810681290665364]]],[[[-122.41153140950567,37.81070985290171],[-122.4115472102165,37.810704244530186],[-122.41161984529623,37.810828467036146],[-122.41160404456453,37.810834075417354],[-122.41153140950567,37.81070985290171]]],[[[-122.41144560812435,37.81074030748681],[-122.41146140998357,37.81073469910848],[-122.41153404381413,37.810858921684996],[-122.41151824306938,37.8108645300546],[-122.41144560812435,37.81074030748681]]],[[[-122.41137230059832,37.81078809167152],[-122.41138810247324,37.81078248330307],[-122.41145019751461,37.81088868219434],[-122.41143439675722,37.8108942905526],[-122.41137230059832,37.81078809167152]]],[[[-122.41991573341389,37.81157429427028],[-122.41972441122674,37.81113494523818],[-122.41921522272236,37.81089374154242],[-122.41918623244189,37.810925335710024],[-122.41909787531486,37.81091513068033],[-122.41898814471143,37.810835419552006],[-122.41893553620456,37.81088284559538],[-122.41912514223127,37.81102334966173],[-122.41904867515812,37.81109444856136],[-122.41946619718102,37.811381745775876],[-122.41935109226145,37.8114865571302],[-122.41884613880718,37.81147336234899],[-122.4153523068325,37.80916085011022],[-122.41518908118442,37.80915782855007],[-122.41520455089695,37.80919048866213],[-122.41515157073657,37.80923082020975],[-122.41519463836627,37.809227761490384],[-122.4154128829996,37.8093634228411],[-122.41537018510526,37.80940665882348],[-122.41504018515752,37.80918611827175],[-122.41488924227505,37.80924145392806],[-122.41522247561606,37.809437896283576],[-122.41517988495345,37.80948119984585],[-122.41484638737674,37.8092571647845],[-122.41478040580614,37.80928135297476],[-122.41477522160585,37.809371861020736],[-122.41534085753831,37.80975481141374],[-122.4152887281447,37.80983799438542],[-122.414563097573,37.809564305662434],[-122.41402409716949,37.809471419184156],[-122.41342042299941,37.80923588871596],[-122.4133739175458,37.80931795129911],[-122.41342579901398,37.80936315785835],[-122.41428150511112,37.80994603938908],[-122.41402690198723,37.810139170651],[-122.41378022283908,37.80990739264113],[-122.41385653706625,37.80984608232275],[-122.41261670889998,37.80907857557682],[-122.41249838224657,37.809065524386625],[-122.41239783827376,37.80911940871581],[-122.412380399098,37.809167270886284],[-122.4126291685596,37.80939341772602],[-122.41257473752324,37.80942735860576],[-122.41239545340942,37.809246381053065],[-122.41241279105131,37.80922509091063],[-122.41236619350188,37.80917512456312],[-122.4123021221545,37.80917070570792],[-122.41209723407762,37.8092805109934],[-122.41207878309767,37.809330863339746],[-122.41231522461345,37.80956183840411],[-122.41225344660143,37.80959680937802],[-122.41209355325023,37.80940966902976],[-122.41211089101691,37.80938837893226],[-122.41206455292118,37.80933869124244],[-122.41200368865269,37.80932842634971],[-122.4118948921719,37.80938895075836],[-122.41286197674003,37.81052225430033],[-122.4115096423134,37.811237596370546],[-122.4114889123442,37.81121919438353],[-122.41268655796486,37.8105621948122],[-122.41145299895771,37.80910529457238],[-122.41142370062335,37.80911889102243],[-122.41124858148541,37.80892028599669],[-122.41108606091275,37.80890742325312],[-122.41128342314747,37.809135110589466],[-122.41125643616839,37.8091494941479],[-122.41103089089422,37.80888972343849],[-122.41073666319794,37.808846454247586],[-122.41073148093766,37.80887288057333],[-122.41064912467142,37.80886181773788],[-122.41065235288018,37.8088354230721],[-122.4105463047943,37.80881892035536],[-122.41044219560095,37.80932538979967],[-122.41041002583624,37.809290270742245],[-122.41049150620029,37.808810393098085],[-122.41040188356601,37.809312119084815],[-122.41063104526516,37.80971703350725],[-122.41070882641306,37.80968932383639],[-122.41063252748413,37.80955482686681],[-122.41072873836946,37.809670892341025],[-122.4107616334081,37.80965023630117],[-122.41071236550856,37.80956339181326],[-122.41077744122796,37.80964464593797],[-122.41082803335851,37.80962675105858],[-122.41079363190619,37.809532654330624],[-122.41084384114518,37.809621159785564],[-122.41088833711297,37.80961444312187],[-122.4108584073916,37.80950815448933],[-122.41090936752111,37.80959798334511],[-122.4109511629813,37.80959222153466],[-122.41092051330921,37.809484664862964],[-122.4109721933924,37.80957576264744],[-122.41102494719149,37.80956612378845],[-122.41099345258034,37.809457077606176],[-122.41104597757882,37.80954966488802],[-122.41108943335645,37.809543315572604],[-122.41105719971726,37.8094329665151],[-122.4111946132557,37.80967518586246],[-122.41110193336196,37.809565348579305],[-122.41105020308969,37.80959290496645],[-122.41111392057896,37.809705220392544],[-122.41103442744249,37.809598552522935],[-122.41097766835875,37.80961886983179],[-122.41102524831904,37.809738223873005],[-122.41096093712527,37.80962486000055],[-122.41091274811284,37.80963307035198],[-122.41095654162604,37.80976379685316],[-122.41089176883837,37.80964961942166],[-122.41083993080196,37.80965913704009],[-122.41088420854317,37.80979071907947],[-122.41081895036857,37.80967568611513],[-122.41076947144765,37.80968435889834],[-122.41081421907498,37.80981676877054],[-122.41074849099134,37.80970090796068],[-122.41063898758014,37.80973106735614],[-122.41089778175525,37.81018833465444],[-122.41097630605245,37.810159692640234],[-122.41090106708181,37.81003049039737],[-122.4109980690821,37.81014468184234],[-122.41104478372982,37.81011876675098],[-122.41099309643626,37.80999726770297],[-122.411074346533,37.81011714680384],[-122.41111738760401,37.81009255740732],[-122.41104994596512,37.80997674615507],[-122.41113314189128,37.810086870534754],[-122.41119482081523,37.81006460522657],[-122.41112737905782,37.8099487931171],[-122.41122438245816,37.810062985260195],[-122.41126259633396,37.810040138567125],[-122.4112109087387,37.809918639612754],[-122.41129215796568,37.810038518583774],[-122.41133770759653,37.81001302419228],[-122.4112702656631,37.80989721216341],[-122.41136726921572,37.81001140419009],[-122.41140549089971,37.80998855461921],[-122.411338048906,37.80987274352942],[-122.41142124400744,37.80998286772646],[-122.41147674394774,37.80996283196585],[-122.41142505494365,37.80984133402275],[-122.4115063055672,37.80996121282959],[-122.41155263048947,37.80993543722695],[-122.4114851883145,37.809819626220055],[-122.41156838471005,37.809929750296085],[-122.41162368990132,37.80990978611317],[-122.4115720018059,37.809788287314035],[-122.41163944408781,37.809904098271915],[-122.4116908080855,37.80989460781387],[-122.41162846269543,37.809767904258145],[-122.41171165926885,37.80987802913503],[-122.41175887815173,37.80987003425241],[-122.41171228685826,37.80973764468262],[-122.41188065991489,37.81002677319694],[-122.41176928090755,37.80988789794236],[-122.41171977213618,37.809914822011656],[-122.4118015894653,37.81005531743071],[-122.41169021056314,37.80991644210223],[-122.41164475454305,37.809941903573645],[-122.41172657062454,37.810082399062416],[-122.41161519182197,37.80994352366382],[-122.41156307526931,37.809971389340156],[-122.41164489236434,37.81011188486632],[-122.41153351253492,37.80997300940977],[-122.4114855488866,37.80999937572052],[-122.41156736586568,37.81013987129974],[-122.4114559872747,37.81000099575237],[-122.41140898583276,37.81002701389039],[-122.4114908027207,37.81016751042286],[-122.41137942423147,37.810028634803864],[-122.41132749997642,37.81005643056737],[-122.4114093167194,37.81019692625469],[-122.41129793833845,37.8100580505596],[-122.4112484292827,37.8100849744301],[-122.4113302459074,37.81022547017158],[-122.41121886763153,37.81008659440249],[-122.41117582546217,37.81011118385448],[-122.41125764200156,37.81025168054643],[-122.41114626379907,37.81011280380864],[-122.41110302687318,37.81013746307866],[-122.41118484330386,37.810277959820425],[-122.41107346519802,37.81013908301458],[-122.41101738777674,37.81016837795573],[-122.41109920407933,37.81030887475607],[-122.41100366455295,37.810177552930284],[-122.41090605378693,37.81020294983123],[-122.41121583731976,37.81075030165011],[-122.41130627369415,37.81071782821309],[-122.41121520592591,37.81055841907936],[-122.41132533938642,37.81069798011655],[-122.41137170870401,37.81067249677075],[-122.4112911408952,37.8105314662325],[-122.41138980891576,37.81067091741376],[-122.41152379757628,37.81063238480351],[-122.41144612087022,37.810476458274245],[-122.41155625464322,37.81061601909799],[-122.41168188947191,37.81056240026312],[-122.41160132119347,37.810421369933785],[-122.41171145519958,37.81056093151491],[-122.4117457869095,37.81053977427812],[-122.4116856633262,37.810391433643126],[-122.41176486025482,37.81054197588685],[-122.41183067548748,37.81051861492413],[-122.411780464831,37.81035778419384],[-122.41184654479478,37.81051298196795],[-122.41191604871598,37.81048831208633],[-122.41184067196008,37.81033641387648],[-122.4119354330125,37.810469022879516],[-122.41192169664458,37.81030540557766],[-122.41195328944033,37.81047509325236],[-122.41207235975928,37.81043283021232],[-122.41201099459315,37.810275469821505],[-122.41211562207185,37.81045533680338],[-122.41122262071299,37.8107622868651],[-122.4113230355407,37.81093970840221],[-122.41124526554344,37.81111676134569],[-122.41094981284536,37.81122059523622],[-122.41092936361956,37.81127924383222],[-122.41014891533524,37.811506055763466],[-122.40851249026392,37.81128400680907],[-122.4075826735738,37.8087935053144],[-122.4085349732871,37.81126926600884],[-122.41015346789398,37.811486618646974],[-122.41040638585655,37.81139937219015],[-122.41019936756415,37.81132811315092],[-122.41003386117337,37.81139670529126],[-122.4100291027607,37.81142368345247],[-122.4085690857359,37.8112177064694],[-122.40860441643503,37.811065254857006],[-122.40860073322159,37.811202645225734],[-122.40865240677886,37.81120156749731],[-122.40868055408218,37.81107599621734],[-122.40870073570565,37.811078843676746],[-122.408680995838,37.81121396960842],[-122.40873466224036,37.8112131723136],[-122.40876280940886,37.81108760101421],[-122.40878299103873,37.811090448459616],[-122.4087632513177,37.81122557440468],[-122.40881457945137,37.81122444812311],[-122.40884272648908,37.81109887680493],[-122.4088629092605,37.811101724218275],[-122.40884316852325,37.811236849293984],[-122.40889293588131,37.811235502208355],[-122.40892108165517,37.81110993089003],[-122.40894126443261,37.81111277828997],[-122.40892152383509,37.81124790337851],[-122.4089771637502,37.811247384949816],[-122.40900530938609,37.811121813611734],[-122.40902549219315,37.81112466189807],[-122.40900575288121,37.81125978698204],[-122.4090543562338,37.81125827572322],[-122.40908250174327,37.81113270436691],[-122.40910268453308,37.811135551739234],[-122.4090829453819,37.811270677736644],[-122.4091377861048,37.811270045999095],[-122.40916593147763,37.811144474623305],[-122.40918611427385,37.81114732198125],[-122.40916637413585,37.81128244801079],[-122.40922316553416,37.81128209106922],[-122.40925131190261,37.8111565196549],[-122.40927149356993,37.81115936701669],[-122.40925175471963,37.81129449304176],[-122.40929178355324,37.81129177227781],[-122.40931992980933,37.81116620084736],[-122.40934011261744,37.811169048179025],[-122.40932037273076,37.81130417333282],[-122.40937716303259,37.811303817236364],[-122.40940530914894,37.81117824578582],[-122.4094254919634,37.81118109310288],[-122.409405752229,37.81131621827073],[-122.40945279371252,37.81131448700431],[-122.40948093970488,37.81118891553597],[-122.40950112252526,37.811191762840075],[-122.40948138292566,37.811326888020304],[-122.40953934866526,37.81132669756394],[-122.40956749338042,37.811201126093614],[-122.40958767620734,37.81120397338291],[-122.4095679367852,37.81133909947812],[-122.40961888988568,37.81133791943983],[-122.4096470356061,37.811212347932404],[-122.40966721728051,37.81121519432558],[-122.40964747913557,37.811350320415436],[-122.40970037037692,37.811349413570206],[-122.40972851482846,37.811223842062],[-122.40974869766774,37.811226689323746],[-122.40972895966814,37.81136181542692],[-122.40977872595838,37.81136046798598],[-122.4098068714169,37.81123489644094],[-122.40982705312686,37.81123774370765],[-122.40980731526683,37.811372869823664],[-122.40986138080937,37.81137212863963],[-122.40988952613263,37.81124655707516],[-122.40990970784883,37.811249404327704],[-122.4098899701362,37.81138453045727],[-122.40994566258715,37.81138401883346],[-122.40997262000067,37.81125837546156],[-122.41003823035958,37.81135067014929],[-122.41007949847445,37.81134688815177],[-122.41004001308401,37.811242387096556],[-122.41006029442339,37.8112368766957],[-122.41011212077686,37.81134614715235],[-122.41018633244576,37.81131556944575],[-122.41000238344871,37.81099976364388],[-122.41004556802966,37.81086906392201],[-122.40995745975101,37.81085734662207],[-122.40992828230172,37.81099003375717],[-122.40993638889267,37.81087327155257],[-122.4098866837974,37.81085826382559],[-122.40983250298726,37.810976818405976],[-122.40986012872298,37.81085118856158],[-122.40980644417998,37.81083541883113],[-122.40975126761259,37.81096560879041],[-122.40977746622622,37.81083978218015],[-122.40972494222255,37.81082417296196],[-122.40966824705546,37.81095415315484],[-122.40969587421925,37.810828524230885],[-122.40964601093273,37.810813281045625],[-122.40959169137679,37.81094358952831],[-122.40961708541808,37.81081765161718],[-122.40956366544442,37.8108019189493],[-122.40951081061786,37.81093242898058],[-122.40953482652571,37.81080629981434],[-122.40948161749563,37.81079059703932],[-122.4094271847932,37.810920889250006],[-122.40945268627962,37.81079496676161],[-122.4093998466015,37.81077931384541],[-122.40934315089953,37.810909293883135],[-122.40937077859671,37.8107836650342],[-122.40931901278977,37.81076815961876],[-122.40926231809016,37.81089813959955],[-122.40928994478452,37.81077251078773],[-122.4092345390364,37.81075650280598],[-122.40917784308553,37.81088648366571],[-122.40920547103076,37.810760853954115],[-122.40915347954923,37.81074531697275],[-122.409096783465,37.810875297793736],[-122.40912441156638,37.810749669001744],[-122.40907395451146,37.81073434326503],[-122.40901725943179,37.81086432402974],[-122.40904488652822,37.81073869527444],[-122.40899442949716,37.81072336950374],[-122.40893773428665,37.81085335023056],[-122.4089653615135,37.810727721493635],[-122.40891021123164,37.81071174887946],[-122.40885351585942,37.81084172866521],[-122.40888114435992,37.81071609992935],[-122.40882730280345,37.81070030796646],[-122.4087706061594,37.81083028773096],[-122.40879823366042,37.8107046590326],[-122.40874282806897,37.81068865081977],[-122.40868613242144,37.81081863052557],[-122.40871376006116,37.81069300184681],[-122.40866253592976,37.81067757029141],[-122.40860584017321,37.81080755085976],[-122.40863346794458,37.81068192219946],[-122.40855575759014,37.810662835832304],[-122.40858887944343,37.81051222597171],[-122.40858661162804,37.81065036848997],[-122.4086406075117,37.810649456853305],[-122.40866837451071,37.810523195079604],[-122.4086661057306,37.810661338518265],[-122.40872089959416,37.81066053649586],[-122.40874866648402,37.81053427560432],[-122.40873795141053,37.81066289026768],[-122.40880537315769,37.81067219367661],[-122.408833139885,37.81054593186468],[-122.40882242609177,37.810674546517035],[-122.40887626762857,37.81069033848229],[-122.40891604927712,37.810557372755596],[-122.40890533562589,37.81068598741521],[-122.40897250093991,37.810695256127666],[-122.40901731919594,37.810571348008416],[-122.40898955388458,37.81069760894392],[-122.40904000976172,37.81071293473516],[-122.40909684405078,37.81058232175459],[-122.40907752422517,37.81071811147978],[-122.40913155092537,37.81071720362628],[-122.40915931600256,37.810590942657825],[-122.40915704922294,37.81072908428418],[-122.40921261035537,37.810728388573814],[-122.40924037643434,37.81060212756824],[-122.40922966220293,37.81073074227463],[-122.40929708407322,37.81074004540238],[-122.4093248499898,37.810613783476306],[-122.40932258242827,37.81075192692525],[-122.40937791785113,37.81075119964403],[-122.40940568365761,37.81062493860007],[-122.4093949696861,37.8107535524201],[-122.4094592760515,37.810762426449415],[-122.40950195833699,37.81063822287299],[-122.40947632905012,37.81076478009607],[-122.40952924967638,37.81078044428454],[-122.40958222546303,37.81064929873031],[-122.40955808858527,37.81077606342082],[-122.40961177641582,37.810791832308546],[-122.4096491708039,37.810658536373914],[-122.40964929209441,37.81079700885281],[-122.40970301333586,37.810796058821325],[-122.4097478304336,37.810672150426875],[-122.4097285117751,37.81080794025632],[-122.4097842371168,37.810807266852635],[-122.40981056814185,37.810680807238846],[-122.40980982902863,37.81081916027497],[-122.40986726779319,37.810818724043045],[-122.40989503276947,37.81069246198463],[-122.4098869505337,37.810809112946444],[-122.40993714555154,37.81082197146549],[-122.40999081175133,37.810705678186636],[-122.40996047613228,37.810843633636466],[-122.41004851825961,37.81085525287216],[-122.41012775756796,37.810363347485755],[-122.41008789688713,37.81035704290831],[-122.41006329867557,37.810472065225085],[-122.41007035225782,37.810373414535874],[-122.41003064439798,37.81036678032509],[-122.40999601547973,37.81046302524705],[-122.41001708330373,37.81036451440373],[-122.40997123486198,37.81034844121358],[-122.40992422184196,37.81045337966052],[-122.40994833065916,37.81034065257094],[-122.4099017496052,37.81032603765935],[-122.40985201331715,37.81044367856542],[-122.40987612110533,37.810330951508796],[-122.40983127949787,37.81031656975317],[-122.40978154310451,37.81043421062966],[-122.40980565097352,37.81032148268642],[-122.40975566519069,37.810306410962205],[-122.40970592866123,37.81042405090623],[-122.40973003780027,37.81031132386057],[-122.40968654584947,37.81029712387029],[-122.40963680810437,37.810414764704575],[-122.40966091734532,37.81030203767293],[-122.40961934379973,37.81028809498349],[-122.40956960708974,37.810405735771255],[-122.40959371527119,37.81029300787071],[-122.40954132785458,37.81027761355604],[-122.40949159100484,37.81039525341032],[-122.40951570045993,37.810282526407946],[-122.40946779730209,37.81026773446575],[-122.40941806034233,37.81038537428933],[-122.40944216990597,37.81027264730177],[-122.40939515698861,37.8102579742968],[-122.40934541994346,37.81037561499078],[-122.40936952845561,37.81026288713535],[-122.40931806552861,37.81024761654231],[-122.4092850251308,37.81036749948644],[-122.40929348666374,37.81025262051689],[-122.4092500969584,37.81023722370843],[-122.40920001719954,37.810356078407736],[-122.40922412708458,37.810243351464045],[-122.40917675176426,37.81022863016698],[-122.40912701323417,37.810346269886935],[-122.4091511232038,37.810233542057226],[-122.40910641404118,37.81021917861295],[-122.40905667656455,37.810336819185956],[-122.40908078550237,37.810224091388804],[-122.40902898070497,37.810208774835615],[-122.40897924308955,37.81032641447541],[-122.40900335330015,37.81021368757629],[-122.4089604554336,37.81019956782631],[-122.40891071771568,37.81031720743739],[-122.40893482689201,37.810204480570455],[-122.40888609634091,37.810189576518106],[-122.40883635739948,37.810307217017254],[-122.40886046779772,37.810194489246115],[-122.40881648936667,37.81018022381407],[-122.40876675032132,37.81029786428406],[-122.40879086082214,37.810185136526876],[-122.40873783874524,37.81016965660218],[-122.40868810069473,37.81028729612008],[-122.40871221133467,37.81017456927963],[-122.40866521686046,37.81015989839197],[-122.40861547985992,37.81027753876197],[-122.40863958944847,37.81016481105364],[-122.40859544924079,37.810150524726616],[-122.40854571097739,37.810268164184905],[-122.40856982066884,37.810155436490724],[-122.40852153478689,37.81014059268424],[-122.40847179530068,37.81025823303076],[-122.40849590623654,37.8101455053331],[-122.40844953988979,37.810130918823326],[-122.40839980140834,37.81024855822052],[-122.40842391133799,37.810135831456556],[-122.40835712780907,37.81011850215482],[-122.408375177299,37.80999506976094],[-122.40838343445643,37.81010532438771],[-122.40842063488141,37.81010196655764],[-122.40844158900744,37.81000399317925],[-122.40843428586479,37.810103800428436],[-122.40848037392752,37.81010999307687],[-122.4085013291125,37.81001201966972],[-122.40850252729373,37.810121325990465],[-122.40854169740358,37.81011823274748],[-122.40856265253313,37.810020260230374],[-122.40855534955159,37.810120067486686],[-122.40859888662419,37.81012591745425],[-122.40861984165738,37.81002794402633],[-122.40861253877502,37.810127752186936],[-122.40866183785356,37.81013437585062],[-122.40869644380697,37.81003823715299],[-122.40867548887206,37.8101362105944],[-122.40870718405279,37.81014882468021],[-122.40875376631625,37.81004593855247],[-122.40874131386894,37.81015341103629],[-122.4087796473202,37.81015020508518],[-122.4088006009862,37.810052231643986],[-122.40879329834443,37.81015203981531],[-122.40883749770103,37.81015797810999],[-122.40887210343801,37.81006183936122],[-122.40885114872813,37.810159812833334],[-122.4088869303714,37.8101729762598],[-122.4089198613882,37.810068255347616],[-122.40892106134517,37.81017756254548],[-122.40895403173573,37.810173635856046],[-122.40897498517822,37.8100756623843],[-122.40897618632864,37.81018496866218],[-122.40901983840781,37.81018247772296],[-122.40904079176597,37.810084504239605],[-122.40903348944391,37.810184312425186],[-122.40907957874214,37.81019050482111],[-122.40911418418084,37.81009436600191],[-122.40909322975803,37.81019233861563],[-122.40912549498489,37.810205029879455],[-122.40915842570261,37.81010030980218],[-122.40915112351406,37.81020011709387],[-122.40918813745152,37.81021344703315],[-122.40923471908916,37.81011056071672],[-122.40921376597953,37.81020853423397],[-122.40924620678899,37.81022124965919],[-122.4092791373205,37.81011652864774],[-122.40928033664858,37.81022583495843],[-122.40931603361349,37.81022227498107],[-122.40935063987307,37.8101261351739],[-122.40933818714076,37.810233607737494],[-122.40937647843361,37.81023039596677],[-122.4093974313347,37.81013242242104],[-122.40939012946417,37.81023222972691],[-122.40943714099616,37.810238546741346],[-122.40947174597098,37.81014240691732],[-122.40945079316513,37.81024038047608],[-122.40948173965506,37.810252894727476],[-122.409528322046,37.81015000827748],[-122.40950736817717,37.8102479818646],[-122.40954402997991,37.81026126422319],[-122.4095906111543,37.81015837776715],[-122.40957815989944,37.81026585033704],[-122.40961697781793,37.81026270926838],[-122.4096379315462,37.81016473566211],[-122.40963062999577,37.81026454298229],[-122.40967597166163,37.810270635501695],[-122.40971057634215,37.81017449560819],[-122.4096896238424,37.81027246920878],[-122.40972501017937,37.81028558020609],[-122.40975793892865,37.81018085908056],[-122.40975063756125,37.810280667308724],[-122.40979523260353,37.81028665831965],[-122.40982983716029,37.81019051929231],[-122.40980888365478,37.810288492031376],[-122.40983947916061,37.8103009596033],[-122.40987240889076,37.81019623842772],[-122.40987360909345,37.81030554473075],[-122.40991282255291,37.810302456639675],[-122.4099337759251,37.810204483882394],[-122.40992647476858,37.810304291220206],[-122.40996296111855,37.81031754925507],[-122.40999588956959,37.81021282896453],[-122.40999098142665,37.81030144778896],[-122.41001714605531,37.81031512079154],[-122.41004802595982,37.810219833276925],[-122.41005162599376,37.810317856324716],[-122.41008337425708,37.81031252159574],[-122.41011530780618,37.810228873244114],[-122.41009050178114,37.810344865934184],[-122.4101346967473,37.81035115438772],[-122.41017634291845,37.810233090134474],[-122.4101793187908,37.81010161131933],[-122.41007665514296,37.80992020947252],[-122.41004147566218,37.80992391991559],[-122.4100228284958,37.8100260892359],[-122.41002781412895,37.809922117943806],[-122.40998019915149,37.809915828963376],[-122.40996540235926,37.81001851539754],[-122.40996652279074,37.80991402452102],[-122.40992172239612,37.80990812341941],[-122.40988995154174,37.81000856312976],[-122.4099080597332,37.809906321452125],[-122.40986822283666,37.80989271842308],[-122.40982699972344,37.81000026040566],[-122.40984303003366,37.80989773966637],[-122.40980851264216,37.80988484174034],[-122.40977979185317,37.809994034144765],[-122.40977435771835,37.809880337209215],[-122.40973685849505,37.80988373094848],[-122.4097085925148,37.80998464286517],[-122.40971518783219,37.809872532839485],[-122.40967393087587,37.80987543676472],[-122.40964373955242,37.809976088748364],[-122.40965133569142,37.8098641103213],[-122.40961163580852,37.80986722422921],[-122.40959352719514,37.809969464961355],[-122.40959797200196,37.809865421343595],[-122.40955203848817,37.80985936181158],[-122.40952064901336,37.809959852918404],[-122.40953837357236,37.809857559838264],[-122.40950127454411,37.80984431790368],[-122.40947189107371,37.8099534218227],[-122.40946712190544,37.8098398123459],[-122.40942756903347,37.809842944539696],[-122.40940984432547,37.80994523760339],[-122.4094139052591,37.80984114253354],[-122.40936296127536,37.809834422349425],[-122.40933157155528,37.80993491340631],[-122.40934046753017,37.80982310682208],[-122.4093045369021,37.80982671655461],[-122.40928681086969,37.80992900871772],[-122.40929087197503,37.80982491365172],[-122.40923973996962,37.8098181694222],[-122.40922201500868,37.80992046245822],[-122.40921724624812,37.809806853871414],[-122.40918362936195,37.80981076767122],[-122.40916590432546,37.809913060698875],[-122.40916996559945,37.809808965636805],[-122.40911839820681,37.809802163515755],[-122.40908700816934,37.80990265450809],[-122.40910473331203,37.809800361492094],[-122.40906153651378,37.80979466301598],[-122.40903014640253,37.809895153993395],[-122.4090478716217,37.809792860985716],[-122.40901370995088,37.809780006638704],[-122.4089843257894,37.809889110437595],[-122.4089795573713,37.80977550093969],[-122.40893975830673,37.80977860000541],[-122.40890836803737,37.80987909095074],[-122.40891726350733,37.809767284415706],[-122.408872775354,37.809769764520155],[-122.40885504876363,37.80987205752035],[-122.40885911160659,37.80976796244974],[-122.40881216382004,37.80976176944647],[-122.4087807733852,37.80986226035816],[-122.40879850007559,37.80975996736901],[-122.40875959010015,37.809746485952104],[-122.40871654068332,37.80985378761983],[-122.40873426746018,37.80975149464018],[-122.40868831928026,37.80974543320899],[-122.40865692982003,37.809845924069634],[-122.4086746555417,37.80974363111717],[-122.40863880365144,37.809730553479675],[-122.4085957552048,37.80983785508535],[-122.40860465114058,37.809726048572955],[-122.40856841277186,37.80972961709981],[-122.40855068690715,37.80983191003659],[-122.40855474901608,37.80972781409324],[-122.40850324101102,37.80972101975602],[-122.40847185017519,37.80982151058634],[-122.40848957728154,37.80971921764278],[-122.40845422808982,37.80970620661579],[-122.40842484313539,37.809815310276825],[-122.40842007557812,37.80970170075472],[-122.40838533261525,37.80970546672571],[-122.40836760536867,37.809807759653886],[-122.40837166775607,37.80970366461717],[-122.40831916131248,37.809696737655905],[-122.40828777023776,37.809797228437624],[-122.40830549645642,37.80969493553969],[-122.40826668805292,37.80968146763909],[-122.40821680608218,37.80978786760527],[-122.40825573085245,37.80956325124152],[-122.40826951813973,37.80966513699525],[-122.4082988642126,37.80966065900722],[-122.40831440340914,37.80957099138618],[-122.40832135888535,37.80967197471515],[-122.40835441155467,37.809667986477514],[-122.40836994955018,37.80957831886774],[-122.4083769051026,37.80967930219313],[-122.40840633668044,37.80967483631296],[-122.40842187572702,37.80958516777729],[-122.40842883023845,37.80968615201874],[-122.4084628836281,37.80968229535631],[-122.40847842147254,37.80959262683162],[-122.408485377197,37.8096936110513],[-122.40851524413561,37.8096892011838],[-122.40853078194151,37.80959953355312],[-122.40853773773773,37.809700517769585],[-122.40856998000214,37.80969642182348],[-122.40858551774336,37.809606754185715],[-122.40859247359164,37.80970773749802],[-122.40862633780371,37.80970385681346],[-122.40864187659075,37.80961418824928],[-122.40864883251629,37.80971517155804],[-122.40867470227181,37.80971023604414],[-122.4086902410016,37.809620567473644],[-122.40869719588136,37.8097215516986],[-122.40873480995889,37.80971816454137],[-122.40875034750559,37.809628496882254],[-122.40875730358009,37.80972948018435],[-122.40878854625933,37.80972525255741],[-122.40880408374262,37.809635584891346],[-122.40881103989088,37.80973656819019],[-122.40885153079529,37.80973356070821],[-122.40886706933968,37.80964389301568],[-122.40887402559751,37.80974487721141],[-122.40890326908148,37.80974038541281],[-122.40891880756479,37.80965071771357],[-122.40892576275812,37.80975170192451],[-122.40895825234207,37.80974763791778],[-122.40897379076053,37.809657970211354],[-122.40898074602941,37.809758954418974],[-122.40901379981422,37.809754965077445],[-122.4090293381671,37.80966529736391],[-122.409036293489,37.80976628066721],[-122.40906416240966,37.809761608305564],[-122.4090797007031,37.80967194058544],[-122.40908665609423,37.80977292388566],[-122.4091188983598,37.80976882778964],[-122.40913443545323,37.80967916008079],[-122.40914139207796,37.80978014426008],[-122.40917344514123,37.809776023274274],[-122.40918898330573,37.80968635554006],[-122.4091959388468,37.809787338833544],[-122.40922649766202,37.80978302122525],[-122.40924203576391,37.80969335348409],[-122.40924899251313,37.80979433675602],[-122.4092807298759,37.80979017489001],[-122.4092962678906,37.80970050624093],[-122.40930322473753,37.80980149041033],[-122.4093370285217,37.8097976005869],[-122.40935256646989,37.80970793193061],[-122.40935952225865,37.80980891611494],[-122.40939032952775,37.80980463049038],[-122.4094058674363,37.809714962728],[-122.40941282329811,37.80981594690897],[-122.40944387790925,37.80981169421572],[-122.40945941573155,37.809722025545575],[-122.40946637166684,37.80982300972335],[-122.4095001754522,37.809819119853174],[-122.40951571323123,37.80972945207664],[-122.40952267035603,37.80983043533168],[-122.40955566716268,37.80982643865001],[-122.409571463619,37.80973680542902],[-122.40957813702776,37.80983775181979],[-122.40961103922164,37.809833742235185],[-122.40962694046769,37.80974412262967],[-122.40963349883208,37.80984505375818],[-122.4096608798262,37.80984031345409],[-122.40968032583353,37.809751164554264],[-122.40968301241372,37.809851585202374],[-122.40972149955648,37.80984831156618],[-122.4097373733289,37.80975868878402],[-122.40974396148216,37.80985962393219],[-122.40977497755684,37.809855374479405],[-122.40978770978361,37.8097653285227],[-122.40979774242602,37.80986671707718],[-122.40982578682136,37.80986206602675],[-122.40984674394075,37.80977311432506],[-122.40984778374256,37.80987331741114],[-122.40988371802807,37.80986971736727],[-122.40989645123777,37.809779670479806],[-122.40992831755942,37.809869357427125],[-122.4100575207215,37.809886398652566],[-122.40978864750682,37.80941131095511],[-122.4096926956468,37.80945220153805],[-122.40979460782667,37.809482275730055],[-122.40977678028153,37.80959110159738],[-122.40976847775502,37.80949267343352],[-122.40973373892066,37.80949632888887],[-122.40971948188472,37.80958335704987],[-122.40972007860891,37.80949448270361],[-122.40967854367413,37.80948886839497],[-122.40965062738579,37.80957405033778],[-122.40966488450054,37.809487022184946],[-122.40964297816303,37.80947570982138],[-122.40961714567818,37.809569524949616],[-122.40961774252477,37.809480650603646],[-122.4095840395947,37.809467743933645],[-122.4095445455603,37.80955971196114],[-122.40954990478164,37.80946312996846],[-122.40952274500647,37.80946780989152],[-122.40950848770562,37.80955483712662],[-122.40950908470523,37.80946596368184],[-122.40946479243854,37.809459976680316],[-122.40945053509434,37.809547004809396],[-122.40944223411748,37.80944857570259],[-122.40941311262132,37.809452990862056],[-122.40938519490643,37.80953817276108],[-122.4093905531981,37.809441590793625],[-122.40935487853311,37.80944511979802],[-122.40934062103985,37.809532147013236],[-122.4093412171048,37.809443273587334],[-122.40930455635409,37.809438318330756],[-122.40927663849712,37.80952349930343],[-122.40929089604053,37.809436471194985],[-122.40926402789584,37.8094244883784],[-122.40923819495009,37.80951830342455],[-122.40922989312244,37.80941987432065],[-122.40919220543883,37.809423131253716],[-122.4091779477823,37.80951015935045],[-122.40917854515402,37.809421285005726],[-122.40913349606483,37.809415195678106],[-122.40910557804344,37.80950037751147],[-122.40911983578292,37.809413349423316],[-122.40908735148328,37.80940060673383],[-122.40904785802792,37.80949257547869],[-122.40906211581049,37.80940554649649],[-122.40902718543897,37.80940082539747],[-122.40899926730094,37.809486007205905],[-122.40901352516236,37.809398979130364],[-122.40898543853989,37.80938683122565],[-122.40894594496572,37.80947879993654],[-122.40895130382438,37.80938221798805],[-122.40891829645504,37.809386106529466],[-122.40890403848447,37.80947313459377],[-122.40890463618385,37.80938426024973],[-122.4088629224363,37.80937862241482],[-122.40883500409507,37.80946380328391],[-122.40884036309697,37.80936722134019],[-122.40880913850773,37.809371351360205],[-122.40878122013062,37.8094565331175],[-122.40878657920204,37.80935995117608],[-122.40875638051718,37.809364220488],[-122.40872846205907,37.809449401332124],[-122.40874272025404,37.80936237418952],[-122.40870166079895,37.80935682394081],[-122.40867374228084,37.80944200477208],[-122.40868800053855,37.809354977635984],[-122.40865696399995,37.80934243129495],[-122.40861747001918,37.80943439899584],[-122.40863172831821,37.809347370965526],[-122.4085910404695,37.80934187053994],[-122.40856312183011,37.80942705134529],[-122.4085773802146,37.80934002422232],[-122.40854745962834,37.80932762832018],[-122.4085216258109,37.80942144321111],[-122.40851332607951,37.809323014036515],[-122.40848199777174,37.80932713032784],[-122.40846773930122,37.80941415834038],[-122.40846833754551,37.80932528489847],[-122.40842667512113,37.809319652388226],[-122.40839875632479,37.809404834055826],[-122.4084041158899,37.809308252130855],[-122.4083719041654,37.809312248407274],[-122.40835764556867,37.809399276406666],[-122.40835824392138,37.80931040206424],[-122.4083160036223,37.8093046923494],[-122.40830174496149,37.80939172034217],[-122.40830234338115,37.8093028459999],[-122.408263758643,37.80929762956046],[-122.40823583966802,37.809382811189884],[-122.40825009840437,37.809295783204924],[-122.40821999893184,37.80928336307887],[-122.40818050446441,37.809375331535264],[-122.40819476326428,37.80928830355689],[-122.40816752373779,37.809276269726375],[-122.40812802920922,37.80936823816542],[-122.40814228804607,37.80928120929238],[-122.40810075337306,37.80927559532875],[-122.40807283419612,37.80936077601911],[-122.40808709314253,37.80927374895432],[-122.40804002099436,37.8092590340225],[-122.40805855511424,37.8091459153737],[-122.40806615122574,37.80924863670147],[-122.4080982227244,37.80924462114794],[-122.40812684477503,37.80915514652965],[-122.40812078191242,37.80925602236484],[-122.40814999345534,37.80925161958544],[-122.40817861544627,37.80916214495473],[-122.40817255149487,37.80926301990992],[-122.40820771432459,37.809259422039645],[-122.40822267603454,37.80916810103619],[-122.40822137455548,37.809261268400114],[-122.40826520383177,37.80926719396313],[-122.40829382566675,37.80917771840391],[-122.40827886406554,37.80926904031694],[-122.40830774500941,37.80928129539614],[-122.40834794336186,37.80918503385659],[-122.40833298069023,37.80927635579475],[-122.4083573226536,37.80928799668152],[-122.40838386072284,37.80918988878512],[-122.40839145731205,37.80929261099192],[-122.40842400300781,37.809288659773664],[-122.40843896556994,37.809197337824195],[-122.40844656223618,37.80930006002728],[-122.40848274981438,37.809296600501284],[-122.40851137142167,37.809207125790586],[-122.40850530907733,37.809308001644524],[-122.40853261018542,37.80930334039653],[-122.40856123173522,37.80921386567382],[-122.40855516829942,37.809314740647636],[-122.40858920151301,37.80931098971368],[-122.4086041639228,37.80921966954525],[-122.40860286292154,37.80931283691237],[-122.40864785946637,37.80931891918053],[-122.4086764808833,37.80922944443013],[-122.40866151858373,37.80932076550838],[-122.40868782348552,37.80933267196054],[-122.40872802026067,37.809236411211586],[-122.40871305915842,37.8093277322779],[-122.40874049142302,37.80933979170342],[-122.40878068811051,37.80924353003585],[-122.40877462612912,37.80934440590289],[-122.40880791503007,37.8093405552019],[-122.40882287713039,37.80924923320462],[-122.40882157526765,37.80934240059201],[-122.40886007115638,37.80934760476983],[-122.40887503205856,37.80925628278435],[-122.40888262933412,37.809359004958296],[-122.40891455948557,37.80935496984166],[-122.40894318173042,37.80926549500871],[-122.40893711883248,37.80936637090211],[-122.40897022875254,37.80936249511472],[-122.4089851906809,37.809271173998034],[-122.4089927880872,37.809373895263725],[-122.40902528248326,37.809369936599154],[-122.40905390346505,37.809280461758036],[-122.4090389427548,37.809371782864964],[-122.40908197765462,37.80937760022243],[-122.40911059857103,37.809288125367694],[-122.409095637929,37.809379446481614],[-122.40912253223804,37.80939143251726],[-122.40916272848143,37.80929517162123],[-122.40914776790211,37.80938649274162],[-122.40918062493184,37.80939928525599],[-122.40920716081756,37.80930117719479],[-122.4092058605947,37.809394345467965],[-122.40923324166042,37.809406397498364],[-122.40925977747915,37.80930828942546],[-122.40925847732218,37.80940145769918],[-122.4092910528114,37.809414211482654],[-122.40931758969195,37.80931610337852],[-122.40931628847187,37.809409271671036],[-122.40935561652321,37.80941458748464],[-122.40938423825952,37.809325112545835],[-122.40936927683427,37.80941643461301],[-122.4093985820451,37.809428746546],[-122.40943877792753,37.80933248465577],[-122.40942381770338,37.80942380671144],[-122.40946359042707,37.80943753348981],[-122.40949355014008,37.80933988812295],[-122.40947725072195,37.80943937970477],[-122.40951606699433,37.80944462624704],[-122.40954602550569,37.80934698088544],[-122.40952972731499,37.80944647335673],[-122.40957415977134,37.8094524787919],[-122.40960411820949,37.809354833415604],[-122.40958782007164,37.80945432499405],[-122.40962771241178,37.80945971719619],[-122.40964401163275,37.80936022559402],[-122.40964599579296,37.80943334195627],[-122.40967272438888,37.80944413644834],[-122.40978201441682,37.809399590885874],[-122.40964597024954,37.80908896850055],[-122.40952227540946,37.80906013365233],[-122.40948598490493,37.809166459245006],[-122.40949599937095,37.80907050482268],[-122.40946545882329,37.80907472578116],[-122.4094332984117,37.809159323012985],[-122.40944331294483,37.80906336859498],[-122.40941047668399,37.809067278839485],[-122.40939196628064,37.8091537242485],[-122.4093968277673,37.809065430631144],[-122.40935586385055,37.80905988086742],[-122.40933735224999,37.809146326286374],[-122.4093422149365,37.809058032652764],[-122.40931162252909,37.80904552976121],[-122.40928113557241,37.8091387118181],[-122.40928599830208,37.80905041728588],[-122.4092596280358,37.80903848679086],[-122.40922914101665,37.809131668834425],[-122.40922550688012,37.809033865304215],[-122.40919418665881,37.80903798075544],[-122.40917567487544,37.80912442614937],[-122.40918053772963,37.80903613162116],[-122.40914049262085,37.80903070749853],[-122.40912198077679,37.80911715288415],[-122.40912684369434,37.80902885835812],[-122.40909588317622,37.809016306396266],[-122.40906539596078,37.809109488397844],[-122.40906176204092,37.809011684862234],[-122.40902718291382,37.80901535915681],[-122.40899502200548,37.809099955369255],[-122.40901353399306,37.809013510003275],[-122.40897215753061,37.809007905502426],[-122.40893999769823,37.80909250168161],[-122.4089585086126,37.809006056342525],[-122.40893048332237,37.80899390202651],[-122.40888634811316,37.809085234799134],[-122.40889636218449,37.80898927954374],[-122.40886476952907,37.80899335786127],[-122.40884625850883,37.80907980318586],[-122.40885112063957,37.80899150958976],[-122.40880726497045,37.8089855693526],[-122.40877510495987,37.80907016548718],[-122.40879361719595,37.80898372015524],[-122.40876609917875,37.808971634193554],[-122.40873561156778,37.80906481611074],[-122.40873197806134,37.80896701166327],[-122.40870290799167,37.8089714330276],[-122.40868439678835,37.80905787832714],[-122.40868076334984,37.80896007387798],[-122.40865228942847,37.80896457570316],[-122.40863377816792,37.80905102099485],[-122.40863864168485,37.80896272738866],[-122.40859611740284,37.80895696649733],[-122.40857760494337,37.8090434117988],[-122.4085739716693,37.80894560824687],[-122.40853920902585,37.80894925743086],[-122.40852069650205,37.80903570272344],[-122.40852556012928,37.80894740822077],[-122.40848455078651,37.80894185348427],[-122.40846603933635,37.80902829875003],[-122.40847090302817,37.80894000424957],[-122.40843200587551,37.808934735245636],[-122.40839984432388,37.80901933129711],[-122.40841835698431,37.80893288602322],[-122.40838794719456,37.80892040877888],[-122.40834381136169,37.809011741349856],[-122.40835382614739,37.80891578704002],[-122.40831947499687,37.808919491684485],[-122.40830096336008,37.8090059369247],[-122.40830582724668,37.80891764243067],[-122.40826582557432,37.80891222361868],[-122.4082336649786,37.80899681960687],[-122.40825217671454,37.8089103752779],[-122.40822020873337,37.80889768618396],[-122.40817607270756,37.808989018692536],[-122.40818608768392,37.80889306349564],[-122.40815393074433,37.80889706333526],[-122.40813811137808,37.808983875940704],[-122.4081402773022,37.80889521325331],[-122.40810052194968,37.80888983095484],[-122.40806836117531,37.80897442689833],[-122.40808687307506,37.80888798169412],[-122.40806114367355,37.808876137897336],[-122.408017007465,37.8089674703467],[-122.40803551942271,37.80888102515043],[-122.40799001561,37.808874860738726],[-122.40795785471622,37.808959456652275],[-122.40797636787629,37.80887301144679],[-122.40795100554286,37.80886121756305],[-122.40792051695419,37.80895439927152],[-122.40792538128989,37.80886610479233],[-122.40786828486229,37.80885001179107],[-122.40789230000979,37.808737870628875],[-122.4078950694446,37.80883971026277],[-122.40793175845232,37.8088363220973],[-122.40795113567454,37.80874584081775],[-122.40795390405502,37.80884768046853],[-122.40798274617742,37.80884322963148],[-122.40800212218073,37.80875274746123],[-122.40800489063143,37.808854587110694],[-122.40804189767775,37.80885124243117],[-122.40806127476964,37.80876076113385],[-122.40806404330165,37.80886260078179],[-122.4080932524454,37.808858198953736],[-122.4081126283411,37.80876771766641],[-122.40811539694393,37.808869557313],[-122.40814572666447,37.80886531037484],[-122.40816228466417,37.80877444479195],[-122.40816813097832,37.808876700569165],[-122.40820096267854,37.80887279074382],[-122.40822033958217,37.80878230942074],[-122.40822310831014,37.80888414816373],[-122.40825855486202,37.80888059164617],[-122.40827793172069,37.80879011121459],[-122.40828070052792,37.80889194995607],[-122.40831220539641,37.80888785969698],[-122.40833158103305,37.808797378374194],[-122.40833434993719,37.80889921801515],[-122.40836870107769,37.80889551336624],[-122.40838807775971,37.80880503111513],[-122.40839084674174,37.80890687075455],[-122.40842473395472,37.8089031033019],[-122.40844411059369,37.80881262194251],[-122.40844688078816,37.80891446156209],[-122.40847727997813,37.80891022152539],[-122.40849665655483,37.80881974015757],[-122.40849942568632,37.80892157979414],[-122.40853193819345,37.80891762547537],[-122.40855131357009,37.808827144116975],[-122.40855408391222,37.808928983733836],[-122.40858884654546,37.80892533454547],[-122.40860822299013,37.8088348531595],[-122.40861099227521,37.808936692793246],[-122.40864501854642,37.80893294375478],[-122.40866439492464,37.80884246235973],[-122.40866716428697,37.80894430199192],[-122.40869563822277,37.808939801064035],[-122.40871501340571,37.808849319679226],[-122.4087177828378,37.80895115931011],[-122.40874685292181,37.80894673884291],[-122.40876622804412,37.80885625744971],[-122.40876899752345,37.80895809617847],[-122.40879999515572,37.80895393739556],[-122.40881937021514,37.80886345599375],[-122.40882213979081,37.80896529562193],[-122.40885749857684,37.808961726827],[-122.40887687470371,37.80887124539751],[-122.40887964435854,37.80897308502426],[-122.40891123698125,37.80896900580184],[-122.40893061306772,37.808878525264554],[-122.40893338279655,37.8089803648898],[-122.40896488650803,37.80897627357403],[-122.40898426250776,37.80888579212718],[-122.40898703231052,37.808987631751116],[-122.40901991186708,37.808983727231855],[-122.40903928780179,37.80889324577608],[-122.4090420576802,37.808995085398514],[-122.40907663679712,37.808991411099576],[-122.40909601266462,37.80890092963467],[-122.40909878262121,37.80900276925562],[-122.40913322152431,37.808999075580644],[-122.40915259618946,37.808908594124965],[-122.40915536735926,37.809010433726066],[-122.4091869144032,37.809006348859235],[-122.40920629014029,37.80891586737648],[-122.40920906138402,37.80901770697617],[-122.40924038159595,37.80901359152099],[-122.40925975613429,37.80892311004795],[-122.40926252631621,37.809024949664625],[-122.4092923749346,37.80902063451831],[-122.4093117505469,37.80893015301838],[-122.4093145208004,37.80903199263373],[-122.40934859268259,37.80902824986384],[-122.40936796822828,37.80893776835481],[-122.40937073855918,37.80903960796875],[-122.40940320546885,37.80903564693848],[-122.40942258095002,37.80894516542062],[-122.4094223173846,37.809011984476626],[-122.40956320633647,37.80904682427609],[-122.4093873131687,37.808720140155984],[-122.40930211216825,37.808696766854496],[-122.409262911972,37.80876990287242],[-122.40924372212139,37.808761869222366],[-122.40928698584342,37.80868115133883],[-122.40925149086802,37.808675576092014],[-122.40921229061001,37.80874871119259],[-122.40921230585836,37.80865067464591],[-122.40914810535655,37.80873595268196],[-122.40918907795424,37.80865258091045],[-122.40916109955242,37.80863548816271],[-122.40909671768085,37.80872113589858],[-122.40913787278714,37.80863739439878],[-122.40911090282465,37.808620600738855],[-122.40904634394016,37.80870661089471],[-122.40908767492736,37.808622506983426],[-122.40905903954182,37.808605219370655],[-122.40899429599561,37.808691603784986],[-122.40903581164798,37.808607125605036],[-122.40900797409147,37.80859007470118],[-122.40893750415748,37.808688111589106],[-122.40898474620107,37.8085919809255],[-122.408953211506,37.808573833598906],[-122.4088825472135,37.80867226562547],[-122.40892998361929,37.80857573981252],[-122.40889070323355,37.80855529538617],[-122.40881981760097,37.80865417795683],[-122.40886747535104,37.80855720158741],[-122.40883717344656,37.80853941909411],[-122.4087525440081,37.80864358525712],[-122.40880421736281,37.80853844024776],[-122.40876952583756,37.808519356239],[-122.4086846566988,37.80862401018144],[-122.40873656976358,37.808518377373744],[-122.40869890795008,37.80849841226838],[-122.40861378833175,37.80860357669256],[-122.40866595188643,37.808497433383465],[-122.40863128789773,37.80847835790113],[-122.40854592968977,37.80858400918503],[-122.40859833182063,37.808477378096526],[-122.4085635282249,37.80845826159584],[-122.40847508055158,37.80857019739102],[-122.40853057218075,37.80845728267301],[-122.40848805151991,37.80843587668897],[-122.40839933606738,37.80854835748541],[-122.40845509546365,37.808434896844254],[-122.40841536199517,37.80841431720287],[-122.408326388475,37.80852732301858],[-122.40838240597249,37.80841333823872],[-122.40834104719279,37.80839227749089],[-122.40825181020303,37.80850581922604],[-122.40832537730064,37.808356123972196],[-122.4083068815744,37.808307430781966],[-122.4082335189734,37.80827695739795],[-122.40819061964437,37.80828990974395],[-122.4081029848484,37.808473968524986],[-122.40807001030761,37.808465507931004],[-122.40816828982938,37.80825909367802],[-122.40804627671702,37.80819917892341],[-122.40791949128057,37.80842688657808],[-122.407886517917,37.808418425914375],[-122.4079963801383,37.80818768463795],[-122.40792571262934,37.80814909803449],[-122.40778711191189,37.80839291925089],[-122.40790950077199,37.808110807450504],[-122.40785930237958,37.80809008509842],[-122.40783048394675,37.80810022035734],[-122.40786740300837,37.80820511602417],[-122.40766010383093,37.808254387678716],[-122.40770606550763,37.80837563466809],[-122.40761426061216,37.80839745539233],[-122.40750709321095,37.80811474627851],[-122.40754829277834,37.80810615198462],[-122.40753683388787,37.80807180297113],[-122.40744636271361,37.80800736436061],[-122.40748685305911,37.8079304969113],[-122.40743152072531,37.80790358679816],[-122.40735466479434,37.80804858710197],[-122.4066443564424,37.80781797413599],[-122.40681612779015,37.8099951411353],[-122.406179044091,37.81006857356236],[-122.40611968765715,37.810023188194],[-122.4059038862709,37.807159702359286],[-122.4053218836067,37.80686694247533],[-122.40440341598011,37.80884848175482],[-122.40436335708543,37.80887287813941],[-122.40431661749206,37.80881878976589],[-122.4039378922445,37.80876165648492],[-122.40390629447162,37.80872076143784],[-122.40471741650285,37.8069713404876],[-122.40395644596428,37.806579081444625],[-122.40276350546932,37.80801288748792],[-122.40270710482743,37.80801899558079],[-122.4023457172231,37.80782704514619],[-122.40234645722322,37.80778021091975],[-122.40342219110252,37.80647148796015],[-122.40280423454536,37.80602277416355],[-122.40094362544043,37.80763741517624],[-122.40039906822602,37.80726174380871],[-122.40058827732369,37.80602241353753],[-122.40178699988185,37.805314000051425],[-122.40227000054828,37.805127000412014],[-122.40315499981304,37.8051220001141],[-122.40349500004032,37.805088999894956],[-122.40517400051621,37.80476299955129],[-122.404797999434,37.8029009996648],[-122.40316000018245,37.80309799972436],[-122.40204100007708,37.79750500002749],[-122.40551299953815,37.79706500039374],[-122.4168180003936,37.80488700036152],[-122.41688800002433,37.80521200037706],[-122.41722600031191,37.805169999798814],[-122.41838099990375,37.80597700007548],[-122.41871799968254,37.805931999694444],[-122.41922399517857,37.808452977317536],[-122.41910398905952,37.808467511023295],[-122.41912189708181,37.80854504286208],[-122.41898090361302,37.808562116901314],[-122.41896591948546,37.808484231057776],[-122.41788570081518,37.80861503927942],[-122.41792254073017,37.80882192070663],[-122.41889477712704,37.8088357715572],[-122.41889426946369,37.808760451141076],[-122.41893161721532,37.80875756071572],[-122.41893472044431,37.80888095639319],[-122.41994752063732,37.808902026893975],[-122.4199383421898,37.80912566782514],[-122.41908267371818,37.809090778077525],[-122.41907711308463,37.80915724910185],[-122.41888668155039,37.80908358686349],[-122.41835944927874,37.80906869256339],[-122.41831405182084,37.80914453792911],[-122.41896994474664,37.80939747055021],[-122.41893130772364,37.809449460136825],[-122.41789669991591,37.809029277088015],[-122.41794684870233,37.80886991596094],[-122.41798661038268,37.80886926934962],[-122.41798631035728,37.80884090499348],[-122.41784400540475,37.808830107394954],[-122.41781136139512,37.808646781173586],[-122.41772604401072,37.80864556758435],[-122.41773131660206,37.808592877238155],[-122.41748894478998,37.8085836666344],[-122.41748473455375,37.808420659979525],[-122.41766931603942,37.80837557590458],[-122.41765387994066,37.80829165914677],[-122.41737612578689,37.808325107495726],[-122.41734484917762,37.808141499371125],[-122.41634622049956,37.80826030937461],[-122.41635461591052,37.808328559572004],[-122.41630501891763,37.80833462491283],[-122.41633852262139,37.80847611322063],[-122.41718485810793,37.80849655230206],[-122.41718249321347,37.80853341424055],[-122.4161501496356,37.8085028459526],[-122.41614446878036,37.80853976173564],[-122.41620663875787,37.808543931818306],[-122.41618692323928,37.808853983983276],[-122.41742824221214,37.808927154401715],[-122.41741314966272,37.8091661973329],[-122.4192909948216,37.810403373338836],[-122.41931456195182,37.810380611845645],[-122.4198339988409,37.81073513152114],[-122.41980786030426,37.8107539957778],[-122.42059503759154,37.81126698827615],[-122.42035346961387,37.81150956340758],[-122.42000182534531,37.8112807471228],[-122.41984571327912,37.811320054172036],[-122.41995152095662,37.81156302785063],[-122.41991573341389,37.81157429427028]]],[[[-122.42057240937383,37.811936224204665],[-122.42080509333645,37.81185137467591],[-122.4208120192032,37.81187907507314],[-122.42058136524615,37.81196318320574],[-122.41979949048529,37.81201579009311],[-122.41979656653534,37.81198842464184],[-122.42057240937383,37.811936224204665]]]]}},{"type":"Feature","properties":{"nhood":"Noe Valley"},"geometry":{"type":"MultiPolygon","coordinates":[[[[-122.42552799953599,37.75654900014145],[-122.42538600054415,37.75512199986213],[-122.42545699985786,37.75502900002869],[-122.42537800019207,37.75494499996147],[-122.4252360001552,37.753518999579796],[-122.42530300041265,37.75343199966673],[-122.42522799991362,37.75335600010854],[-122.42508600032808,37.7519289997931],[-122.42515300046206,37.75184199992317],[-122.42506600008569,37.751724000179415],[-122.42500899996891,37.75114899988009],[-122.4250759994601,37.751032999614644],[-122.42498700036532,37.75092600033739],[-122.42492999960164,37.750349000140226],[-122.42499899951841,37.75023299966144],[-122.42490799952544,37.75012500021116],[-122.42485099998963,37.749547999897295],[-122.42492299965825,37.749435000176305],[-122.42483000006217,37.749330999611075],[-122.42477299989831,37.748752000300456],[-122.4249180003796,37.74851200022902],[-122.42486299991823,37.74793900009896],[-122.42476800004648,37.74782999973639],[-122.422877999512,37.74794800028456],[-122.42230000034134,37.74807000014725],[-122.42139299943432,37.748123999718075],[-122.42132799967008,37.747441999973304],[-122.4219179996614,37.74582599989622],[-122.4222179997573,37.7455790004077],[-122.42228300004213,37.74548200044831],[-122.4222930000631,37.74518400040858],[-122.42270599971118,37.74403999959167],[-122.42266899981304,37.74394199962101],[-122.42276299974777,37.743855000171756],[-122.42330199943498,37.74242599989265],[-122.42328600002556,37.74229499968971],[-122.43088799986826,37.741833000103895],[-122.43244399996236,37.7417720000121],[-122.43259700048984,37.741799999882424],[-122.43278099977795,37.74189899969968],[-122.43290200041825,37.74192499973132],[-122.43325899986034,37.74190300029198],[-122.4333800001319,37.74317500033601],[-122.4333199998217,37.743296000012904],[-122.43555900050384,37.74316099982782],[-122.43553599953903,37.74269699958148],[-122.43538699991717,37.74192299968944],[-122.43542500007474,37.74168800009273],[-122.43552500026242,37.74165200009234],[-122.43562099970711,37.7415340001127],[-122.43558399943194,37.74161199976536],[-122.43579999977639,37.74210499972785],[-122.43609799982927,37.74251899970315],[-122.4364719996002,37.742886000183766],[-122.43722699971163,37.74342100011407],[-122.43751399970465,37.74359400045089],[-122.43768299962777,37.7436090000144],[-122.43773900024104,37.74372900019772],[-122.43952900045797,37.7448039999404],[-122.43976400049833,37.74497000022985],[-122.43996800004741,37.745226999832674],[-122.44008800015936,37.7452960002595],[-122.44127000052907,37.74523100024472],[-122.44127099961953,37.74504799970018],[-122.44136599968395,37.74490699958052],[-122.44171000014164,37.74462899996776],[-122.4420139996768,37.74445200020577],[-122.44227099952776,37.744375000278914],[-122.44262900041271,37.74434800026037],[-122.44264400001846,37.74419299973678],[-122.44274100053471,37.7439949998059],[-122.4428929996959,37.74384300001725],[-122.44374299951585,37.74336999967936],[-122.44390099954012,37.74330400006588],[-122.44414800043295,37.74329699968041],[-122.44436000001794,37.74336900021888],[-122.44465799961168,37.743527999633294],[-122.44541100035416,37.74376599971568],[-122.4455899999946,37.74390599975565],[-122.44567900048068,37.744138999842676],[-122.44578500008029,37.74465199995022],[-122.44602599978943,37.74513399978229],[-122.44617900024441,37.745314000316405],[-122.44642799972824,37.74551799994268],[-122.44673899968609,37.74584100025126],[-122.44681699978867,37.745950999684496],[-122.44685300036706,37.74612299984881],[-122.44728499988267,37.74605500017686],[-122.44739899962886,37.74659600030652],[-122.44618600047787,37.74684300038579],[-122.44505000038191,37.74701500018902],[-122.4448470003577,37.74694499984738],[-122.44478299975225,37.74677100001814],[-122.44460299950933,37.746682999803404],[-122.44455599975649,37.746686999976696],[-122.44482000009147,37.746970000282424],[-122.44474000019626,37.747045000350894],[-122.4444259997799,37.747173999653924],[-122.44429199992841,37.74730900006488],[-122.44417199963797,37.747555999984215],[-122.44415799942378,37.74779099956025],[-122.44426700056876,37.74838000019947],[-122.44409300009318,37.748684999798385],[-122.4437039999254,37.749176999988485],[-122.4435529998125,37.7494429999736],[-122.44344099990067,37.75001499961938],[-122.44334700025648,37.75008299986732],[-122.4434019994389,37.75018700008987],[-122.4428469995146,37.752374999581605],[-122.4425250004547,37.752380000264786],[-122.4424929998051,37.75260700027166],[-122.44223899958665,37.75282999964494],[-122.44180699992246,37.75347099971224],[-122.44130699969814,37.75388000010271],[-122.44107600005073,37.754177999967084],[-122.44089700041769,37.754492999831264],[-122.4407680001063,37.754609000305344],[-122.44034500017277,37.75522799965089],[-122.44003300026426,37.75522900028922],[-122.43964700026007,37.75532000034598],[-122.43897400052286,37.75538899998785],[-122.4388640001816,37.75543399997017],[-122.43776900029317,37.755540999621765],[-122.43780299949404,37.75589300032219],[-122.43467100016494,37.75610900036617],[-122.43454599992927,37.75609299985767],[-122.42561200047562,37.75663099970136],[-122.42552799953599,37.75654900014145]]]]}},{"type":"Feature","properties":{"nhood":"Lone Mountain/USF"},"geometry":{"type":"MultiPolygon","coordinates":[[[[-122.44269199959146,37.782642999591154],[-122.4418200000534,37.78230700016562],[-122.44167200035412,37.78223400012673],[-122.44151200033697,37.782095999627195],[-122.44095799961609,37.77936400033317],[-122.44111900051679,37.77937200016562],[-122.44205300008475,37.77924399961719],[-122.44092200041324,37.77363499998698],[-122.45224199965207,37.772181000451326],[-122.45243699960724,37.77218900011925],[-122.45395899992099,37.77199700014201],[-122.45408300038511,37.771929999718],[-122.45468299976035,37.77475500006178],[-122.45837100043094,37.774308999813464],[-122.45885900004808,37.781257000272284],[-122.45873000028779,37.78134299976736],[-122.45782299997884,37.781375999662664],[-122.45773300022876,37.78131499973164],[-122.45764700035345,37.78139599954966],[-122.45639600048544,37.781446999935305],[-122.45629600039146,37.781380999962174],[-122.45622599969589,37.78145399983294],[-122.4556329999942,37.78149000042494],[-122.45552399980416,37.78143100020059],[-122.45546900041474,37.781514000395894],[-122.45537800018336,37.7815240001559],[-122.45528099998302,37.78145900040741],[-122.45521100020787,37.78153600017213],[-122.4542830001774,37.78165500032176],[-122.45417599992277,37.7815990001336],[-122.45406999976174,37.781686000177444],[-122.45326800055933,37.7817789997693],[-122.45316999981185,37.78171699973935],[-122.45309900004794,37.78180299996563],[-122.45225200026071,37.78191299974868],[-122.4521429997815,37.78185299969007],[-122.45206100043362,37.78194700040727],[-122.45123300054976,37.78205099962171],[-122.4511200003898,37.78198400014221],[-122.45104599961617,37.782073000253085],[-122.45019900005427,37.78217700016149],[-122.45009200052934,37.782117000279456],[-122.45002599989925,37.782202999708424],[-122.4490789998065,37.782313999654505],[-122.44898900055719,37.78235999974713],[-122.44806400019762,37.782482999767694],[-122.44736600024102,37.782555000292476],[-122.44730200045488,37.78239199990099],[-122.44677499946744,37.78246100029612],[-122.44571100003323,37.78251800037748],[-122.44279300046567,37.782885000120665],[-122.44269199959146,37.782642999591154]]]]}},{"type":"Feature","properties":{"nhood":"Lincoln Park"},"geometry":{"type":"MultiPolygon","coordinates":[[[[-122.49301824089332,37.78774251346576],[-122.49333799956618,37.78740300031597],[-122.49349099991439,37.78349799972452],[-122.49341700055557,37.78285799991714],[-122.49304399989366,37.781646000421645],[-122.50618799974133,37.78103199986169],[-122.50629999977482,37.78099600023969],[-122.50650900040749,37.78085699957012],[-122.5067520003826,37.78077299979377],[-122.50987899944622,37.78062699973755],[-122.5107810002677,37.782058999934904],[-122.5106359996834,37.78212300020565],[-122.51050599947708,37.78212199979737],[-122.51021500001764,37.78202999990802],[-122.51010200020394,37.78206399972615],[-122.50997399976788,37.78215999965126],[-122.50983700016394,37.782194999582686],[-122.50892399949183,37.78201300002489],[-122.50876199945496,37.78205100043293],[-122.50861599975676,37.78222199982165],[-122.50847999982194,37.78227900008397],[-122.50748399945415,37.78218500024413],[-122.50978300033981,37.784028999990156],[-122.5098539987413,37.78479402699853],[-122.50971649119391,37.7849027526821],[-122.5094829340539,37.78522711508263],[-122.5092705128997,37.78533752977102],[-122.50923303072447,37.78544496203688],[-122.50911774007795,37.785591097989865],[-122.50879717133606,37.78574465187575],[-122.50866166469606,37.78574493187234],[-122.50856586451042,37.78579525130099],[-122.50848567304968,37.785855449036426],[-122.50845206799721,37.785938841259366],[-122.50821766881076,37.78611892601126],[-122.50813357720769,37.78615749993875],[-122.50803507905376,37.786135541789825],[-122.5079635686192,37.7861671492785],[-122.50778727384227,37.78641664069868],[-122.50772390875075,37.78643460254162],[-122.50768743998216,37.78650275566393],[-122.5077152499583,37.78658669611838],[-122.5076338949075,37.78672652078845],[-122.50753062621506,37.78684308277573],[-122.5073375502932,37.78694429088938],[-122.5071080373202,37.7872723482839],[-122.5070528150234,37.78727666525319],[-122.50697246134287,37.78745361488419],[-122.5068969685144,37.78749541843474],[-122.50673944708664,37.787494723544896],[-122.50671680532434,37.78744446051771],[-122.5065261571026,37.78747809384408],[-122.50628557598716,37.78771179405058],[-122.5062409602446,37.78779359118073],[-122.50613197474776,37.78785622473732],[-122.50616321716403,37.787909717545794],[-122.50612240073566,37.78797456718579],[-122.50608939552603,37.78817096932348],[-122.50605164795394,37.788191871279494],[-122.50565758278768,37.78825935349227],[-122.50542283349611,37.788236333865534],[-122.50520212552347,37.78826034732373],[-122.50502041246013,37.78815201096981],[-122.50478908515916,37.78813870125746],[-122.50469824049074,37.78808165586735],[-122.5045048717322,37.788059568382145],[-122.50406603825985,37.788120964205916],[-122.50337364833388,37.78801792742626],[-122.5029261062329,37.78815687018243],[-122.50283577095122,37.78804981617819],[-122.50270458591267,37.7880398256168],[-122.50237579336684,37.78812687408505],[-122.50210583468242,37.78811109151492],[-122.50207121698712,37.788181866374686],[-122.50195198765618,37.78818051394744],[-122.50191196537904,37.78811703840171],[-122.50187783523893,37.788114241876485],[-122.50184245206842,37.788222893113534],[-122.50180053990492,37.788247240409866],[-122.50172556761025,37.78815059262936],[-122.50161965057845,37.7881692735485],[-122.50156931841508,37.78819714061895],[-122.5015914122447,37.78822715508577],[-122.50153238940075,37.788248415843235],[-122.50151418719715,37.788204829444595],[-122.50143850863329,37.78823988055479],[-122.5013359361175,37.78822473799493],[-122.50109142433398,37.78831330285679],[-122.5010055076482,37.788284371469096],[-122.50097183218158,37.788298449736274],[-122.50099401672962,37.78833183878495],[-122.50094766686841,37.78834950815615],[-122.50086129550542,37.7883037016089],[-122.50073772074239,37.788299045679544],[-122.5006408586476,37.78833783174296],[-122.50055086847625,37.78831572207376],[-122.50048858995507,37.78837418089712],[-122.50034121301825,37.78843408345794],[-122.50027295365418,37.78842848766781],[-122.50025133332387,37.78857404644113],[-122.50019221781618,37.78859193297566],[-122.50017745362334,37.788517898539155],[-122.50013110345176,37.788535567588795],[-122.50009208248771,37.7885092169159],[-122.5000995923763,37.788471947072914],[-122.50001032943074,37.78847683816473],[-122.49996678038164,37.78844043532064],[-122.49981089762896,37.788490151573505],[-122.49976117184396,37.78855005625731],[-122.49980381483262,37.788608394291685],[-122.49976162163784,37.788662061766004],[-122.49972684022043,37.78860969982956],[-122.49968721229979,37.788663323768446],[-122.49957792303312,37.788703873424964],[-122.49943279162123,37.78846194233925],[-122.49912827068121,37.78840193433062],[-122.49904190034907,37.788340263881466],[-122.49895493644264,37.78835192129469],[-122.49888986952234,37.788414122474435],[-122.49884625109694,37.78841486194031],[-122.49882932151503,37.78835812444456],[-122.49885786555174,37.78827413967145],[-122.49881053007466,37.78823217331447],[-122.49868470487321,37.78832595340895],[-122.49861035064703,37.78832925058549],[-122.49860323789525,37.78816033353948],[-122.49853838032573,37.78813495654606],[-122.49848057205656,37.788180742007114],[-122.49839284129742,37.78816389975783],[-122.4983582813349,37.78811967990771],[-122.49836662635614,37.78804825739776],[-122.49825836989841,37.788031762937266],[-122.49814142129952,37.7878830356536],[-122.4980205542916,37.78787490091744],[-122.49796498371771,37.78790842841415],[-122.49793735440224,37.78783557875453],[-122.49786239818332,37.78781648286724],[-122.49783818917496,37.78795990762723],[-122.49777925627652,37.78798454188105],[-122.49772683563232,37.78793478180039],[-122.49762073632634,37.787946709281314],[-122.49750331169221,37.78785415416555],[-122.49754486190442,37.7878163086997],[-122.49745871536496,37.78758657988424],[-122.4972157392669,37.78759278141225],[-122.49710627644721,37.78748097773996],[-122.4969237262628,37.78743714530435],[-122.4968123650662,37.787352484347885],[-122.49668633577343,37.7873577468682],[-122.49654643780644,37.78728712434085],[-122.49627682822491,37.78732922846664],[-122.49590607616587,37.78750302867535],[-122.49562652360156,37.78755503289972],[-122.49528243046656,37.78773981378298],[-122.49510825180027,37.78775289107521],[-122.49494330819263,37.78779282443327],[-122.49493561442914,37.78782334320003],[-122.49480389486405,37.787832325620556],[-122.49468712054733,37.78808078954184],[-122.49470142586539,37.78813794869139],[-122.49464176769625,37.78813558195107],[-122.49451511150056,37.78801616841822],[-122.49453484434505,37.78795843254794],[-122.49449238102687,37.78780382922548],[-122.49442040999844,37.78781855341022],[-122.49439714677725,37.78790336065432],[-122.49434997982264,37.787890651747055],[-122.49435242244162,37.78782307944058],[-122.49416013624827,37.787795942298025],[-122.49400219145106,37.78758050231044],[-122.49385360236144,37.78763404461071],[-122.49368201125137,37.78760670723414],[-122.4934617884371,37.78762815712721],[-122.49301824089332,37.78774251346576]]]]}},{"type":"Feature","properties":{"nhood":"Seacliff"},"geometry":{"type":"MultiPolygon","coordinates":[[[[-122.47235200015005,37.78723399975011],[-122.47248899993757,37.78677499990038],[-122.47254499998103,37.78640899977781],[-122.47262599987117,37.78631500036276],[-122.48728599943935,37.78564899989039],[-122.48715099953624,37.783784999643906],[-122.49349099991439,37.78349799972452],[-122.49333799956618,37.78740300031597],[-122.49301824089332,37.78774251346576],[-122.49285489570838,37.78778648591859],[-122.49286022257682,37.78785261556044],[-122.49283007477194,37.78788258542893],[-122.492770506288,37.78788359223794],[-122.4927690571825,37.78782959249822],[-122.49273574373593,37.7878571672043],[-122.49267862034186,37.787751406284514],[-122.49221627674352,37.78784002988987],[-122.49181252721435,37.78802620229227],[-122.49150104302736,37.78822228484031],[-122.4912818239277,37.78828125258233],[-122.49085937027526,37.78855428528461],[-122.49081811298325,37.788633186998624],[-122.49052786572578,37.788886259819876],[-122.49004608424138,37.789222176646604],[-122.48982906395696,37.789482184938926],[-122.48930105432993,37.78941217479114],[-122.48919206533691,37.78934017587411],[-122.48899105790998,37.78928318811393],[-122.48848205900997,37.789442196559165],[-122.48810002236338,37.78942919036073],[-122.48802802949072,37.78953020090931],[-122.48786402254106,37.789588179866676],[-122.4877370298539,37.7895741960397],[-122.48758366016229,37.789498616138026],[-122.48756427998441,37.78943486457066],[-122.4874636531694,37.78947297222615],[-122.48744686254535,37.78943061361579],[-122.48736905011599,37.789429839748074],[-122.48712057640826,37.789610822485805],[-122.48672930068929,37.790042176728406],[-122.48642858600584,37.79023737363348],[-122.48633488481822,37.79035626687684],[-122.48624465885518,37.79041442179962],[-122.48623662851796,37.79049546393721],[-122.48610919836634,37.79068774078886],[-122.48594298908101,37.790838978027715],[-122.48542600034838,37.78982499967139],[-122.48504599949906,37.78953300024939],[-122.48440599990981,37.78964100042959],[-122.48431499970437,37.79007100002753],[-122.48398500027535,37.7897690001795],[-122.48453400041473,37.7892229996531],[-122.48379900022127,37.787740000295564],[-122.4818710004024,37.78722000002193],[-122.48100300014329,37.78706700026248],[-122.47984500000126,37.78679599986264],[-122.47877999962925,37.78689999986184],[-122.47769599970123,37.78679699962424],[-122.47554699947372,37.786782000397565],[-122.47332099999953,37.78719299955231],[-122.47235200015005,37.78723399975011]]]]}},{"type":"Feature","properties":{"nhood":"Nob Hill"},"geometry":{"type":"MultiPolygon","coordinates":[[[[-122.41147199953794,37.79506099996867],[-122.41136399995663,37.79452699960673],[-122.40972200001421,37.79473699969498],[-122.4091710000045,37.79204299983456],[-122.407536000341,37.79224899983939],[-122.40714900033723,37.79036599996371],[-122.40878600019867,37.79016000015766],[-122.40840200006792,37.78829299997248],[-122.42156999955779,37.7866189995935],[-122.42168899946351,37.78668899966732],[-122.42184200034572,37.78744199959336],[-122.42175799980342,37.78754799990399],[-122.42187899991167,37.787628000434935],[-122.4220319996372,37.78838299986568],[-122.42194899964524,37.7884899996411],[-122.42207000035877,37.788569999980965],[-122.42221899972091,37.789306000000884],[-122.42213499985542,37.78941199960631],[-122.42225700047432,37.78949199969014],[-122.42240800039396,37.790241000171285],[-122.42232900025733,37.79037000029706],[-122.42245499955116,37.79047200035745],[-122.42259899956053,37.79118300045524],[-122.42251500038486,37.791289000258104],[-122.42263599945746,37.791369000087435],[-122.42277800010044,37.792068000383566],[-122.422693999938,37.792174999748426],[-122.41611300021154,37.79301400044634],[-122.41721800020179,37.79847199968085],[-122.41228300033903,37.799095999949856],[-122.41147199953794,37.79506099996867]]]]}},{"type":"Feature","properties":{"nhood":"Mission Bay"},"geometry":{"type":"MultiPolygon","coordinates":[[[[-122.38472992737704,37.78292541667912],[-122.38467964960822,37.78255346133274],[-122.38470550525493,37.78252564494089],[-122.387509160359,37.78234682529043],[-122.38778795315578,37.78227487087461],[-122.38775494281798,37.781795801623694],[-122.38556032729184,37.7819355695095],[-122.3855294349508,37.781916105386344],[-122.38551228452485,37.781778711799625],[-122.3849013887207,37.78182556764347],[-122.38485832314295,37.78179935144594],[-122.38489345186751,37.78176347773796],[-122.38550777148988,37.781741879443686],[-122.38549080617794,37.78160077170923],[-122.38551758331819,37.78157685073571],[-122.38762897777663,37.781450702135395],[-122.38758367744241,37.78096453426625],[-122.38746683657239,37.780979479655],[-122.38747852345067,37.781102768245596],[-122.38744957976384,37.78098046788416],[-122.38734669877256,37.7809780928063],[-122.38734881127527,37.78111018989924],[-122.38730873487957,37.780980265048534],[-122.3872058513363,37.780994411772184],[-122.38720028091679,37.78111868768014],[-122.38717746161349,37.7809877754932],[-122.38706893384439,37.78100224495673],[-122.38708062006575,37.78112553358627],[-122.38705167813737,37.781003232208604],[-122.38694656237362,37.78100098537586],[-122.38693141615634,37.78113406974608],[-122.38690859845723,37.7810031574893],[-122.38681214700922,37.78101693596704],[-122.38680657706436,37.78114121183773],[-122.38679489129541,37.78101792318134],[-122.38668617335658,37.78101588246465],[-122.38668828355065,37.7811479795867],[-122.38664820942495,37.781018054494204],[-122.38654328367176,37.78103231713002],[-122.38653771214084,37.781156593005825],[-122.38652602681576,37.781033304323174],[-122.38642100740996,37.78103105187472],[-122.3864058602449,37.78116413617673],[-122.38638304346283,37.78103322381895],[-122.38628222851354,37.78104567119847],[-122.38629311559211,37.78117058493459],[-122.38626417380787,37.781048283382795],[-122.38615672802096,37.78104617045483],[-122.38614158035648,37.781179253821634],[-122.3861298956853,37.78105596510023],[-122.38602867117176,37.78105349477992],[-122.38601352443416,37.78118657901281],[-122.38599070720167,37.7810556665978],[-122.38587917444745,37.781070306497334],[-122.38587360180253,37.781194582340916],[-122.38585078597211,37.78106367078173],[-122.38575481610448,37.78107741995892],[-122.3857665001564,37.78120070871703],[-122.38573755922752,37.78107840703663],[-122.38563126877982,37.78107622738578],[-122.38563337707667,37.78120832362442],[-122.38559330476365,37.781078398174856],[-122.38548801250158,37.78109268104923],[-122.38549969611304,37.78121596983348],[-122.38547075561753,37.78109366808793],[-122.38536211585168,37.7810916221954],[-122.38534696675414,37.78122470545904],[-122.38532415068471,37.78109379291595],[-122.38522011123762,37.7811080041467],[-122.38521453748716,37.78123227995829],[-122.38520285434643,37.78110899114619],[-122.38509656384781,37.78110681011249],[-122.38509867121745,37.78123890726083],[-122.38505859868818,37.78110898164836],[-122.38495542540636,37.78112314274679],[-122.38494985121193,37.78124741854554],[-122.38493816850816,37.7811241297075],[-122.38483353451592,37.78112185346014],[-122.38481838562303,37.78125493753786],[-122.38479226024761,37.78097922910604],[-122.38483171834672,37.7811026831274],[-122.38493479526176,37.7810885281839],[-122.38494098334915,37.7809707231657],[-122.3849631847998,37.78109516410185],[-122.3850663580413,37.78108100299659],[-122.38505528794781,37.78096418586822],[-122.38509474647604,37.781087639801896],[-122.38519948097385,37.78107338963006],[-122.38518841067213,37.78095657251399],[-122.3852278694176,37.781080026403316],[-122.38533190995909,37.78106581514746],[-122.3853208394502,37.78094899804372],[-122.38536029838887,37.78107245098803],[-122.38546738211724,37.78105806657937],[-122.38545631253145,37.780941249470004],[-122.38549577171408,37.78106470326996],[-122.38560106279998,37.78105042040672],[-122.38558999300508,37.78093360330977],[-122.38562945238297,37.781057056164364],[-122.38573418560004,37.7810428055356],[-122.3857231155969,37.78092598845099],[-122.38576257407988,37.78104944218016],[-122.38585854388704,37.781035692095756],[-122.38584747368941,37.78091887502265],[-122.38588693237524,37.78104232871036],[-122.38599846622097,37.781027688785265],[-122.38598739466944,37.780910871743274],[-122.38602685471864,37.78103432536623],[-122.3861265218479,37.78102036270941],[-122.38611545125397,37.780903546561994],[-122.38615491148921,37.781026999241384],[-122.38626079992935,37.78101268189664],[-122.38624972910249,37.780895864860796],[-122.38628918957974,37.78101931839629],[-122.38639080117412,37.781005245097816],[-122.38637973014391,37.78088842807402],[-122.38641919083327,37.781011881566194],[-122.38652265281239,37.78099770284442],[-122.38651158044097,37.78088088585102],[-122.38655104132258,37.78100433839834],[-122.38665596816975,37.780990075737385],[-122.38664489558981,37.780873258756365],[-122.38668435671181,37.78099671216009],[-122.38679151602884,37.78098232172834],[-122.3867804443719,37.78086550474174],[-122.3868199057151,37.780988958100245],[-122.3869163559903,37.78097517963426],[-122.38690528413802,37.780858362659245],[-122.38694474454987,37.780981815994295],[-122.38704830274845,37.780967630762866],[-122.38703723068978,37.78085081380008],[-122.38707669245198,37.78097426707297],[-122.38718522015581,37.780959796701396],[-122.38717414677092,37.78084298067029],[-122.38721360875643,37.780966433897554],[-122.38731649339451,37.780952287148914],[-122.38730541978136,37.780835470229135],[-122.38734488195824,37.78095892251178],[-122.38744620529735,37.78094486553063],[-122.38743513261633,37.78082804860471],[-122.38746346212056,37.78094387820283],[-122.38758188811829,37.780945331090685],[-122.38752867021479,37.78048590176692],[-122.38743224050316,37.7804998795852],[-122.38742744496835,37.7806042317795],[-122.38741843698986,37.780500698072714],[-122.38733140748214,37.78049759608467],[-122.3873307782602,37.78060996272726],[-122.38729690149974,37.78049964087423],[-122.38719836635583,37.78051374412794],[-122.38719357049155,37.78061809631244],[-122.38717349633649,37.780506956881936],[-122.3870730371832,37.78052117464084],[-122.38706824111947,37.780625525919305],[-122.38705923366199,37.78052199308632],[-122.38696513171377,37.780519308639704],[-122.38695069955251,37.78063249459537],[-122.386930625757,37.78052135512377],[-122.3868430120137,37.78053481014459],[-122.38683821564877,37.78063916231423],[-122.38681814199688,37.78052802192278],[-122.38672685826064,37.780541695106194],[-122.38672206173213,37.78064604727098],[-122.38670198827508,37.780534907760725],[-122.38660895849848,37.78054868359499],[-122.38660416180385,37.78065303575487],[-122.38659515610202,37.78054950196799],[-122.38649984559186,37.7805468905621],[-122.38649921397652,37.780659257217415],[-122.38647640599824,37.78055654088085],[-122.38638405003834,37.78055375323164],[-122.3863696158499,37.78066693913365],[-122.38634954402666,37.78055579864481],[-122.3862568713196,37.78056955406724],[-122.38625207412902,37.78067390621239],[-122.38624306891536,37.780570372398955],[-122.38614301355764,37.780568040291996],[-122.3861285801342,37.78068122614603],[-122.38610850755559,37.78057008653547],[-122.38601355248744,37.78058397560979],[-122.38602255854069,37.78068751032317],[-122.38598868368784,37.78057718809581],[-122.38589144635777,37.7805912136152],[-122.38588664751735,37.78069556576323],[-122.38586657643191,37.78058442609363],[-122.38577538086743,37.780598092619904],[-122.38577058413357,37.78070244472677],[-122.38575051206199,37.780591304154825],[-122.38565931649059,37.780604971492195],[-122.38565451845821,37.78070932361236],[-122.38564551407326,37.78060578975396],[-122.385555171661,37.78060288273382],[-122.38554073731208,37.78071606761433],[-122.3855206655808,37.78060492700353],[-122.38542459249832,37.78061888304815],[-122.38541979413529,37.78072323515851],[-122.38541078894077,37.780619701300594],[-122.3853113605389,37.78061733232578],[-122.38529692581565,37.78073051717619],[-122.38527685446815,37.780619377425005],[-122.38518225745527,37.78063324478004],[-122.38517745875085,37.780737596880265],[-122.38516845505022,37.78063406388683],[-122.3850798585912,37.78063105198133],[-122.38506542237748,37.780744236821235],[-122.38504535250763,37.780633097012796],[-122.3849505763086,37.78064697515684],[-122.38494577727775,37.78075132724743],[-122.38493677274056,37.780647793353815],[-122.38484593485506,37.780644915340666],[-122.38484262617456,37.78075744009926],[-122.38481846449534,37.780758871781714],[-122.38480379060503,37.78052571741627],[-122.3848279521858,37.78052428483588],[-122.38484456851747,37.78062320181106],[-122.38493346599455,37.78060975569582],[-122.38493933181158,37.780517684454296],[-122.38494726876347,37.780608951030025],[-122.3850434817753,37.780611599728786],[-122.3850589776706,37.78051059401621],[-122.3850669243912,37.78060197127892],[-122.38515552741313,37.780605064197545],[-122.3851710125571,37.78050395409924],[-122.3851789688774,37.780595435743535],[-122.38527500388966,37.78059809521044],[-122.38529047924673,37.78049687440141],[-122.38529844533626,37.78058846673263],[-122.38539788170682,37.78059092751371],[-122.38541334718052,37.78048959239013],[-122.38542132313525,37.78058129901151],[-122.3855188343392,37.78058387248838],[-122.38553428995462,37.780482423951426],[-122.38554227574974,37.78057424396214],[-122.38563262592879,37.78057723467997],[-122.38564807190131,37.78047568083809],[-122.38565606732249,37.78056760613103],[-122.38574869866171,37.780570462943565],[-122.38576413607717,37.78046880197672],[-122.38577214117323,37.780560834353395],[-122.38586477366641,37.78056369195745],[-122.3858802002086,37.780461922100244],[-122.3858882138907,37.78055406338049],[-122.38598688946881,37.780556568277845],[-122.38600230728476,37.78045468498899],[-122.38601033194504,37.78054693964033],[-122.38610672406247,37.780549577395966],[-122.38612213093064,37.78044758251381],[-122.38613016538595,37.78053994875279],[-122.38623022871417,37.78054237266597],[-122.38624562569554,37.7804402634693],[-122.3862536700194,37.780532743998165],[-122.38634777867262,37.78053551452014],[-122.38636316702443,37.780433295495826],[-122.38637122109544,37.78052588581078],[-122.38646358484615,37.780528758058615],[-122.38647896236922,37.78042643194581],[-122.38648702611682,37.78051912934439],[-122.38658234339641,37.78052182987156],[-122.38659771226469,37.78041939303016],[-122.38660578578457,37.78051220111559],[-122.38670025269764,37.780514950302425],[-122.38671561182275,37.78041240455242],[-122.38672369395618,37.78050532244202],[-122.38681641596773,37.78050817335927],[-122.38683176421674,37.780405518719085],[-122.38683985718616,37.78049854457491],[-122.38692890800509,37.78050161006809],[-122.38694424776722,37.78039885100604],[-122.38695234920684,37.78049198126133],[-122.38704645896951,37.780494751207506],[-122.38706178898791,37.78039188323697],[-122.38706990015385,37.78048512237739],[-122.38717179904394,37.780487438606144],[-122.38718711796646,37.78038445363668],[-122.38719524020976,37.78047780975107],[-122.38729521389229,37.78048023689832],[-122.38731052405981,37.78037713759644],[-122.38731865503979,37.780470608018746],[-122.38740569111582,37.78047379101946],[-122.38742099170881,37.780370589115954],[-122.38742913224701,37.7804641621179],[-122.38752688260095,37.78046672019096],[-122.38748799788273,37.780049003665205],[-122.38739150731402,37.780062709367876],[-122.38738624244553,37.78016704745274],[-122.38736666858021,37.78005585227016],[-122.38728100947681,37.7800689455917],[-122.38727574558773,37.780173283653355],[-122.38726720392253,37.78006972534349],[-122.38716724977567,37.78006710681192],[-122.38715230938307,37.780180250475304],[-122.3871437667542,37.78007669217479],[-122.38704188847731,37.78007418184056],[-122.38702694789234,37.780187325487965],[-122.38700737340167,37.780076129363444],[-122.38691464138674,37.78008962311146],[-122.38692318256265,37.7801931814465],[-122.38688980153012,37.78008276503059],[-122.38680212977016,37.780095972224835],[-122.38679686407148,37.78020031028276],[-122.3867772899447,37.780089115021156],[-122.38668594566956,37.78010252960281],[-122.3866806809193,37.78020686673644],[-122.38667214007994,37.78010330838403],[-122.38657769294963,37.7801003786243],[-122.38656275051733,37.78021352223052],[-122.38654317784966,37.78010232601126],[-122.38644923588564,37.780115886516995],[-122.38645777643855,37.78021944578614],[-122.38642439722103,37.78010902922084],[-122.38633341115157,37.78012242337694],[-122.3863419515209,37.780225981753475],[-122.38631960441958,37.78012320213507],[-122.38622551557184,37.780120251941135],[-122.38622438048772,37.780232616738836],[-122.38619100045337,37.78012219922502],[-122.38609231445461,37.78013602820333],[-122.38610085448938,37.780239586597084],[-122.38606747579338,37.780129169931136],[-122.38597245884911,37.78014279141174],[-122.38598099871756,37.780246349814036],[-122.38594762133167,37.780135933096155],[-122.38585032079894,37.780149682931466],[-122.38584505489442,37.780254020927735],[-122.38583651521463,37.78015046251572],[-122.3857439037476,37.78014742882529],[-122.38574276677664,37.78025979273509],[-122.38570938860389,37.7801493759682],[-122.38561813250035,37.78016278470309],[-122.38562667301208,37.780266343112565],[-122.38559329500896,37.78015592631292],[-122.38550432243545,37.78016920651332],[-122.38549905602069,37.78027354359294],[-122.38549051682105,37.78016998515623],[-122.38539302530828,37.78016722660145],[-122.38539188780618,37.78027959050749],[-122.38535851014618,37.78016917364164],[-122.38526044978748,37.78018296577988],[-122.38525518191703,37.78028730376731],[-122.385246643033,37.78018374441233],[-122.38515062890856,37.78018090255237],[-122.38513568542126,37.78029404595795],[-122.38511611373373,37.7801828495216],[-122.38502888829643,37.78019603113055],[-122.38503742685546,37.78029958960025],[-122.38501508153709,37.780196809735926],[-122.3849188882573,37.78019397776132],[-122.38491775117254,37.78030634164407],[-122.38489540601772,37.78020356175725],[-122.38480458256858,37.78020042574387],[-122.3848007683344,37.78031294146897],[-122.38477660052148,37.78031430475143],[-122.38476297383792,37.78008110929149],[-122.3847871415752,37.78007974601177],[-122.38480331270347,37.78017870976887],[-122.3848922694028,37.78016551506714],[-122.3848985489701,37.780073460637055],[-122.38490607647773,37.78016474908798],[-122.38500227652274,37.78016767018403],[-122.3850182242795,37.78006670861239],[-122.3850257615788,37.780158108651584],[-122.38511434997326,37.78016145146191],[-122.38513028924893,37.780060385467806],[-122.38513783501291,37.780151889907124],[-122.38523385590322,37.7801548208885],[-122.3852497853693,37.780053643282315],[-122.3852573397675,37.780145258427176],[-122.3853567645184,37.78014800059689],[-122.3853726852591,37.78004670955841],[-122.38538024949973,37.78013843809294],[-122.38547774668915,37.78014128758905],[-122.38549365872966,37.78003988401938],[-122.38550123165277,37.78013172506103],[-122.38559156735737,37.78013497197699],[-122.38560746859729,37.78003346221929],[-122.38561505116935,37.78012540944442],[-122.38570766933945,37.78012852964445],[-122.38572356313459,37.780026911842356],[-122.38573115426945,37.7801189670706],[-122.38582377241352,37.78012208627863],[-122.38583965651637,37.780020361369196],[-122.38584725621443,37.78011252460064],[-122.38594592011316,37.78011530818373],[-122.38596179435486,37.780013469860364],[-122.3859694038733,37.78010574558056],[-122.38606578305357,37.78010865663429],[-122.38608164975268,37.780006706662654],[-122.38608926793113,37.78009909398909],[-122.38618931855308,37.78010180111086],[-122.3862051742077,37.77999973594151],[-122.38621280341259,37.780092238441014],[-122.38630689898368,37.78009527595431],[-122.38632274603188,37.77999310185774],[-122.38633038382599,37.78008571326106],[-122.38642273323349,37.780088847112694],[-122.38643857056518,37.77998656500813],[-122.38644621805886,37.780079284396344],[-122.38654152231963,37.78008225461776],[-122.38655734986165,37.779979861802296],[-122.3865650059926,37.780072691895924],[-122.38665946098197,37.78007570895691],[-122.38667527991602,37.77997320721418],[-122.38668294466062,37.78006614711238],[-122.38677565235221,37.78006926053442],[-122.3867914626803,37.779966649864754],[-122.3867991371259,37.78005969774775],[-122.3868881733955,37.78006301583518],[-122.38690397410188,37.77996030076141],[-122.38691165701776,37.78005345304425],[-122.3870057537033,37.78005648998169],[-122.38702154580128,37.77995366598075],[-122.38702923730841,37.78004692716735],[-122.38713112473808,37.780049531091244],[-122.3871469068752,37.77994659007275],[-122.38715460832478,37.78003996825193],[-122.38725457046758,37.78004267949033],[-122.38727034271496,37.779939624157],[-122.38727805405917,37.78003311752723],[-122.3873650754177,37.78003654591474],[-122.38738083922568,37.77993338796119],[-122.38738856010525,37.780026983010565],[-122.38748629759321,37.780029817084575],[-122.38745133023245,37.77965586906818],[-122.38736966665581,37.779668848928694],[-122.38736377131616,37.77975114810294],[-122.38735586161178,37.779669645806926],[-122.38727634225701,37.77966597926694],[-122.38726089336957,37.77975709199996],[-122.3872418330846,37.77966797272893],[-122.38716411390989,37.779680724382914],[-122.3871582194766,37.77976302352855],[-122.38715030888437,37.779681522137906],[-122.38706738927661,37.77967805137541],[-122.38705193899533,37.77976916409908],[-122.38703287895801,37.77968004479445],[-122.38695975044737,37.779692530875984],[-122.38696765971957,37.77977403319826],[-122.3869459454175,37.779693328607074],[-122.38686812900939,37.77968956333965],[-122.38685267848133,37.77978067603697],[-122.38683361754511,37.7796915567185],[-122.38675538691993,37.77970433701481],[-122.38674949205475,37.77978663704054],[-122.38674158302064,37.77970513470382],[-122.38665995481298,37.77970158981608],[-122.38664450402703,37.77979270248597],[-122.38662544447253,37.77970358311587],[-122.38654690540092,37.77971638082597],[-122.38655481535764,37.779797883157435],[-122.38653310149712,37.77971717849056],[-122.38645188258414,37.77971360978621],[-122.38643643154053,37.779804722428636],[-122.38641737223253,37.7797156030251],[-122.38634485695165,37.779728052775596],[-122.38633896276474,37.77981035276229],[-122.38633105304352,37.77972885041653],[-122.38624571619947,37.77972551958905],[-122.38624406882593,37.77981583457509],[-122.3862112058368,37.779727512767536],[-122.3861423991407,37.779739748050176],[-122.38615030865606,37.77982125040843],[-122.38612859522821,37.779740545667416],[-122.38604897380016,37.779736883537346],[-122.38603352341535,37.779827997009264],[-122.38601446344978,37.77973887755913],[-122.38593623261097,37.77975165641101],[-122.38594414192426,37.77983315968374],[-122.38591127814904,37.77974483781098],[-122.38583314934415,37.779757611357034],[-122.38582725458791,37.77983991131771],[-122.3858081948668,37.7797507918344],[-122.38573197195116,37.77976345552032],[-122.38572607594739,37.77984575549395],[-122.38570701636904,37.77975663689527],[-122.38562507682464,37.779769629868],[-122.38561918183692,37.779851929818086],[-122.38561127290107,37.779770427424666],[-122.38552794399023,37.77976698014982],[-122.3855262957431,37.77985729512517],[-122.38550458298272,37.77977659026976],[-122.38542305790293,37.7797730374689],[-122.38540760447279,37.77986415089447],[-122.38538854638394,37.779775031325585],[-122.38531031542222,37.779787810662924],[-122.38531822289465,37.77986931309443],[-122.38529651146901,37.77978860728191],[-122.38522590597603,37.7797844246133],[-122.38521045343666,37.779875537994734],[-122.38519139558143,37.77978641839415],[-122.3851114638643,37.779799295089134],[-122.38511937114265,37.779880798434654],[-122.38508650946204,37.779792476314675],[-122.38501028524561,37.779805139552096],[-122.385004388416,37.77988743858819],[-122.38499648130885,37.77980593703677],[-122.38491665579596,37.77980228641708],[-122.38490120285067,37.779893398856835],[-122.38489329467534,37.77981189551502],[-122.38481175714684,37.779808344292775],[-122.38481055702948,37.77989863405498],[-122.3847829479587,37.77990022809321],[-122.38476187749905,37.779693751728416],[-122.3847894864706,37.779692156794226],[-122.38480952316283,37.779786444562724],[-122.38488957622579,37.779773560725666],[-122.38488116492319,37.779686861840396],[-122.38491453062647,37.77978038044267],[-122.38499276164846,37.779767601367915],[-122.38499815416259,37.779680105907495],[-122.38501771605658,37.779774421063124],[-122.38509394024024,37.779761757820836],[-122.3850993326119,37.77967426145483],[-122.38511889465569,37.77976857749462],[-122.38519882631563,37.779755699893634],[-122.38519041351908,37.779669001048305],[-122.3852237807158,37.77976251864439],[-122.38529279167754,37.77975027252326],[-122.38529818383698,37.779662777048806],[-122.38531774610739,37.77975709215495],[-122.38539597703546,37.77974431281262],[-122.38538756514508,37.77965761396302],[-122.3854209314728,37.77975113242249],[-122.38550086419657,37.77973825459863],[-122.38550625611005,37.77965075911447],[-122.38552581864148,37.7797450741863],[-122.38560755406016,37.7797320917568],[-122.38561294584753,37.77964459626771],[-122.38563250737784,37.779738911340104],[-122.38571444686414,37.779725917461256],[-122.38571983966014,37.779638421948995],[-122.38573940245949,37.77973273698559],[-122.38581562534236,37.77972007329482],[-122.38582101688377,37.77963257779604],[-122.38584057981006,37.779726892815944],[-122.38591870858131,37.779714119264895],[-122.3859241011359,37.77962662374316],[-122.38593251249117,37.77971332167224],[-122.38601233795836,37.77971697160426],[-122.38601348122198,37.77962146020095],[-122.38604684829862,37.77971497758313],[-122.38612487498683,37.77970221003386],[-122.38613026616264,37.779614714520605],[-122.38613867889221,37.77970141241706],[-122.3862090802876,37.779705606816215],[-122.38622402718545,37.779609297784035],[-122.3862435906173,37.779703612737464],[-122.38632733269823,37.77969051478927],[-122.3863327247697,37.779603019248434],[-122.386352287203,37.77969733420211],[-122.38642480245262,37.77968488444692],[-122.38643019327391,37.77959738891973],[-122.38644975696444,37.77969170383917],[-122.38652938218311,37.77967884285139],[-122.38653477288078,37.77959134731933],[-122.38655433556754,37.77968566223967],[-122.38663287460533,37.77967286452452],[-122.3866382651807,37.77958536898763],[-122.38665782910932,37.7796796829719],[-122.38673786246461,37.779666799089355],[-122.38674325291582,37.77957930354752],[-122.3867628169991,37.77967361841533],[-122.38684104759069,37.77966083811401],[-122.38684643905488,37.779573342549206],[-122.38686600213262,37.779667657418166],[-122.38694222589159,37.779654992980774],[-122.38694761610121,37.779567497429476],[-122.38695602977943,37.77965419526827],[-122.38703075316788,37.77965813885772],[-122.38704569901367,37.77956183062141],[-122.3870549097099,37.77965674374706],[-122.38714658811864,37.77964318653616],[-122.38715281910879,37.77956434625425],[-122.38716039313705,37.77964238878158],[-122.38723970609827,37.77964606681412],[-122.38724168883788,37.77955921157689],[-122.38727421753048,37.7796440733164],[-122.38735214074055,37.77963131021159],[-122.38735837039944,37.779552470837636],[-122.38736594577743,37.77963051333378],[-122.3874492882175,37.779633958190864],[-122.38741706111203,37.77928807051743],[-122.38733067672315,37.779301317893896],[-122.38732187849631,37.77937599514436],[-122.38731687061203,37.77930211478578],[-122.38723566682437,37.779298544583185],[-122.38723087965833,37.77938124958358],[-122.38721206463879,37.779308167019835],[-122.38713181774875,37.7793045408734],[-122.38712788930943,37.779399909446816],[-122.38709730531252,37.779306533446906],[-122.38701837776179,37.779319350315276],[-122.38701043804159,37.779406691120364],[-122.38700457164397,37.779320147170566],[-122.3869326002821,37.779316044167565],[-122.38691486431554,37.77941220959709],[-122.38689808783518,37.77931803668274],[-122.38681888698038,37.77933086860556],[-122.38681094702443,37.77941820939707],[-122.38679416953943,37.77932403648619],[-122.38671707297802,37.779336747245196],[-122.38672293901908,37.77942329030814],[-122.38670326685374,37.779337544065214],[-122.386624849905,37.77933381258658],[-122.38660711240077,37.779429977987675],[-122.3866012476291,37.779343434900895],[-122.38652086353454,37.77933981594145],[-122.38651693317394,37.77943518451203],[-122.38648635106554,37.779341808336106],[-122.38640721816782,37.779354637090925],[-122.38641308384928,37.77944118016907],[-122.38638250189184,37.77934780486714],[-122.3863096104455,37.779360272337144],[-122.38631547601372,37.77944681542001],[-122.38629580431251,37.779361069109456],[-122.38621100866423,37.779357705271615],[-122.3862070779049,37.77945307383157],[-122.3861874063272,37.77936732750301],[-122.38611312768819,37.77936335644242],[-122.38609539064942,37.77945952174786],[-122.38607861519738,37.77936534871771],[-122.38600138013926,37.77937806662897],[-122.38599343921692,37.77946540736464],[-122.3859875740225,37.77937886426601],[-122.38590922507386,37.77937512761869],[-122.38590529392614,37.77947049616832],[-122.38588562269219,37.7793847497897],[-122.38580137466319,37.77938135436687],[-122.38578363721649,37.77947751962512],[-122.38576686102063,37.779383346569055],[-122.38568911909925,37.77939609401115],[-122.38569498394736,37.77948263712436],[-122.38567531295296,37.77939689071081],[-122.3855980535819,37.77939309136867],[-122.3855803147342,37.77948925661431],[-122.3855744511542,37.779402713477346],[-122.38549458745658,37.779399063865846],[-122.38549065577521,37.7794944324012],[-122.38546007495545,37.779401056860905],[-122.38538002341353,37.77941393656382],[-122.38537208062178,37.77950127727522],[-122.3853553072352,37.7794071050256],[-122.38527525566862,37.77941998465736],[-122.38528112003641,37.77950652779073],[-122.38526144951345,37.77942078130853],[-122.3851904464023,37.77941662120419],[-122.38517270702128,37.77951278638812],[-122.38515593272699,37.7794186132276],[-122.38507848657603,37.77943134291828],[-122.38508435071549,37.77951788606131],[-122.38506467928164,37.77943213956461],[-122.38498485868425,37.77942848801742],[-122.38496712016918,37.77952465315203],[-122.38496125616581,37.77943811000327],[-122.38488130742752,37.77943446494079],[-122.38487737609184,37.779529833436996],[-122.38485770602878,37.77944408688776],[-122.38477487974811,37.779440608520744],[-122.38477120221631,37.77953596123775],[-122.38474704113074,37.77953735595319],[-122.38473239121512,37.779329423311225],[-122.38475655225622,37.77932802949961],[-122.38477352734293,37.779421410941374],[-122.38485528989098,37.779408433101345],[-122.38486328590261,37.779321868424844],[-122.3848800071588,37.779415264726225],[-122.38495884109062,37.77940245529992],[-122.38496683700379,37.77931589151714],[-122.38498355838883,37.77940928780396],[-122.38506226417988,37.77939648576418],[-122.38505645269991,37.779310718619676],[-122.3850869814856,37.779403318246565],[-122.38516442760587,37.77939058855019],[-122.38517242325526,37.77930402385245],[-122.38518914491898,37.77939742101112],[-122.3852590331826,37.779385127530254],[-122.38526702872116,37.77929856282597],[-122.38528375050264,37.77939195997137],[-122.38536380087963,37.77937907945109],[-122.38535799018787,37.77929331230303],[-122.38538851820735,37.779385911870236],[-122.3854685697175,37.77937303216155],[-122.38546275777027,37.779287265036686],[-122.38549328705282,37.779379864558756],[-122.3855720346508,37.77936705880448],[-122.38558002984554,37.779280494979574],[-122.38559675199362,37.77937389118],[-122.38567289640136,37.77936123604001],[-122.38568089147789,37.77927467220818],[-122.38569761377437,37.779368069295224],[-122.38577535679995,37.779355321829314],[-122.38576954449985,37.77926955471932],[-122.38580007415759,37.779362154162264],[-122.385883207175,37.779349095104955],[-122.38587739475086,37.77926332800018],[-122.3859079245405,37.77935592741526],[-122.38598515845658,37.77934320958336],[-122.38597934591516,37.77925744248348],[-122.38600987469447,37.77935004189045],[-122.38608710972198,37.77933732397357],[-122.38608129706334,37.77925155687868],[-122.38611182596735,37.77934415625934],[-122.38618499066571,37.77933167282434],[-122.38617917789448,37.779245905734186],[-122.38620970805317,37.77933850507145],[-122.38629338746425,37.779325414451115],[-122.38628757572614,37.77923964824887],[-122.38630719472565,37.77932461766092],[-122.38638120010161,37.779328604687],[-122.38639898937716,37.779233215337165],[-122.38641571256727,37.77932661232311],[-122.38649484543365,37.77931378356248],[-122.38650283841221,37.779227219692366],[-122.38651956170868,37.7793206157628],[-122.38659883063478,37.779307780248715],[-122.38659301852255,37.779222013160435],[-122.38662354805234,37.779314612409046],[-122.38670084981065,37.77930188941507],[-122.38669503760396,37.77921612323255],[-122.3867146570633,37.77930109257718],[-122.38679286877822,37.77930483629234],[-122.38679685144272,37.779210244611875],[-122.3868273812218,37.77930284380797],[-122.3869065820452,37.77929001187937],[-122.38690076844405,37.77920424482411],[-122.38692038813556,37.77928921413465],[-122.3869923594937,37.77929331804599],[-122.38699634190354,37.77919872635859],[-122.38701596170301,37.779283695653326],[-122.38709600336112,37.779287334175336],[-122.38709998561578,37.779192741583515],[-122.38713051690054,37.77928534068322],[-122.38720964848744,37.77927251236179],[-122.38721850504105,37.779198696644485],[-122.38722345459415,37.77927171548242],[-122.38730465835197,37.779275285693444],[-122.38730950479128,37.7791934421965],[-122.38732826051505,37.779265663238235],[-122.38741527380768,37.779268898844926],[-122.38739507503583,37.778940402094555],[-122.38731563787127,37.778936677500994],[-122.38729700199407,37.779006566400405],[-122.38729214201864,37.77894627932861],[-122.38721924008915,37.778942182390765],[-122.38720060894406,37.779012127072704],[-122.38719574422228,37.778951784199165],[-122.38712332753845,37.778947658706485],[-122.38710551536084,37.779027763124716],[-122.3870998316575,37.77895726049576],[-122.3870257641795,37.778953229859276],[-122.38700795073743,37.779033333379985],[-122.38700226826128,37.77896283072827],[-122.38693028132364,37.77895868201668],[-122.3869124689123,37.779038785504746],[-122.38690678541424,37.778968283767455],[-122.3868363801061,37.77896404389579],[-122.38681856759223,37.77904414736957],[-122.38681288418286,37.778973645627836],[-122.38673592890216,37.77896977908558],[-122.38671811630145,37.77904988344496],[-122.38671243296412,37.77897938079762],[-122.3866382407743,37.778975357320824],[-122.38662042690902,37.779055460782665],[-122.38661474482186,37.77898495901338],[-122.38655045068595,37.778980369737326],[-122.38653263672481,37.77906047318583],[-122.38652695472055,37.77898997141237],[-122.38644970577478,37.77898612109827],[-122.3864318928386,37.779066224513315],[-122.38642620979456,37.778995722753244],[-122.38635580564576,37.7789914834773],[-122.38633799147203,37.77907158689625],[-122.38633230849382,37.779001084230885],[-122.3862564927006,37.77899715318168],[-122.38623867841842,37.779077256585566],[-122.38623299669193,37.779006754798125],[-122.38616436237604,37.77900241319214],[-122.3861465479932,37.77908251658199],[-122.38614086633086,37.779012013889336],[-122.38606711292032,37.77900796500903],[-122.38604929845417,37.77908806928499],[-122.38604361574876,37.77901756660587],[-122.38596212301819,37.77901395959999],[-122.38594430841451,37.779094062959174],[-122.38593862696617,37.77902356115775],[-122.3858650458896,37.77901950218457],[-122.38584723231487,37.77909960551079],[-122.38584154980039,37.77902910282209],[-122.38576813538322,37.77902503391279],[-122.38575032172554,37.77910513812517],[-122.38574463930262,37.779034635431884],[-122.38567494263067,37.77903035469314],[-122.38565712771336,37.779110458008695],[-122.38565144653634,37.77903995619364],[-122.38557794822155,37.77903589211266],[-122.38556013433335,37.77911599539534],[-122.38555445209005,37.779045492692994],[-122.38548122840608,37.77904195947808],[-122.38546289149369,37.77912154660484],[-122.38545720936514,37.77905104479878],[-122.38538536298338,37.77904688568647],[-122.38536754774984,37.779126988958],[-122.38536186684638,37.77905648712923],[-122.38528630273998,37.77905254061663],[-122.38526848855608,37.779132644755826],[-122.3852628065884,37.779062142039656],[-122.38519484350249,37.77905776209926],[-122.38517702806092,37.77913786534187],[-122.38517134733742,37.779067363504055],[-122.38509413240813,37.779063510856574],[-122.38507631685651,37.77914361408389],[-122.38507063622818,37.77907311224128],[-122.3850024236986,37.77906874609186],[-122.38498460918186,37.77914884928705],[-122.38497892750517,37.77907834745828],[-122.38490733056888,37.77907417415307],[-122.38488951481325,37.77915427735197],[-122.38488383436145,37.779083775500524],[-122.38480558880356,37.77907998149871],[-122.38478087034547,37.77916047891655],[-122.38476624337086,37.778978954050864],[-122.38480404254341,37.779060796029775],[-122.38488096237076,37.77904814522232],[-122.38487488757436,37.778972752499556],[-122.3849057842825,37.779054988685445],[-122.38497605660413,37.77904271716421],[-122.38498378572146,37.778966535973],[-122.38500087736493,37.77904955972463],[-122.38506776528332,37.77903748194941],[-122.38506168916321,37.77896208925431],[-122.38509258607374,37.77904432539139],[-122.3851684763445,37.77903173321459],[-122.38517620526336,37.77895555201067],[-122.3851932971194,37.779038575734546],[-122.38525993441677,37.77902651177054],[-122.38525385923747,37.778951119067],[-122.38528475635621,37.779033355153956],[-122.3853589957625,37.77902085684435],[-122.38536672450768,37.77894467652862],[-122.38538381657415,37.77902770022503],[-122.38545433823572,37.77901541451617],[-122.38546206799465,37.77893923327511],[-122.38547916016648,37.779022256957795],[-122.38555158093708,37.77900986331356],[-122.38555931059571,37.77893368206608],[-122.38557640173991,37.779016705752916],[-122.38564857417914,37.779004325933855],[-122.38565630373778,37.778928144679945],[-122.3856733961241,37.77901116833464],[-122.38574176803594,37.77899900515617],[-122.38573569123481,37.77892361249529],[-122.38576659001058,37.77900584843817],[-122.38583867848743,37.778993472548706],[-122.3858326015884,37.778918079892755],[-122.38586349933416,37.779000315828476],[-122.38593575447184,37.77898793090486],[-122.38594348373427,37.77891174963189],[-122.38596057643778,37.778994773245195],[-122.38604074436219,37.778981937238186],[-122.38603466837118,37.77890654367344],[-122.38606556633579,37.778988779556414],[-122.38613799376293,37.77897638454217],[-122.38613191769647,37.778900991883205],[-122.38616281576648,37.778983227740746],[-122.38623012519207,37.77897112453414],[-122.3862240478976,37.77889573189805],[-122.38625494606741,37.778977967731514],[-122.38632943694657,37.77896545396923],[-122.3863371658257,37.778889273570975],[-122.38635425896413,37.77897229712757],[-122.38642333820248,37.77896009249389],[-122.38643106698477,37.77888391208941],[-122.3864481602269,37.77896693563241],[-122.38652408194541,37.77895434117361],[-122.38653181060087,37.77887815986158],[-122.38654890395428,37.7789611833901],[-122.38661187200476,37.778949328776704],[-122.38661960056965,37.77887314745886],[-122.38663669402005,37.77895617097472],[-122.38670956123538,37.77894375054513],[-122.38670348345651,37.778868357933405],[-122.38673438214566,37.778950593641625],[-122.38681001240614,37.77893801537776],[-122.38681774076666,37.77886183404682],[-122.38683483443592,37.7789448575341],[-122.38690391359266,37.77893265351963],[-122.38689783561745,37.77885726091776],[-122.38691771871052,37.778931864801805],[-122.38698970453223,37.7789360153409],[-122.38699331834529,37.7788518087865],[-122.38702421734848,37.77893404441903],[-122.38709695860881,37.77892163027072],[-122.3871046866962,37.77884544982158],[-122.38712178068242,37.778928473267534],[-122.38719287226276,37.778916153958264],[-122.38720130698276,37.77884875079312],[-122.38720667737445,37.778915365206586],[-122.38727957814197,37.7789194621704],[-122.38729769979786,37.778843189219245],[-122.38730307398778,37.778909860345244],[-122.38738216985996,37.77891360483005],[-122.38735342987785,37.778605142620314],[-122.38728622869336,37.778609019396875],[-122.38726823183038,37.778681622426056],[-122.38726278206505,37.77861863304972],[-122.3871862636465,37.77861478684949],[-122.3871820715479,37.77868659300695],[-122.38716281811553,37.77862439956346],[-122.38709318283902,37.77862015563442],[-122.38707608705981,37.77870316039701],[-122.38705867294397,37.77862214635885],[-122.38698523806066,37.77863464368775],[-122.38699158772015,37.778708034858525],[-122.38697143431683,37.778635439602105],[-122.38690021971148,37.77863128752729],[-122.38688312257905,37.77871429227986],[-122.38686570867111,37.77863327821336],[-122.38678887240538,37.77864597134838],[-122.38679522073684,37.778719362547754],[-122.38677506754527,37.77864676815875],[-122.38670685290901,37.77864244268665],[-122.38668975553507,37.778725446510194],[-122.38667234297031,37.77864443239715],[-122.3866041301916,37.77865662872429],[-122.38659667571088,37.778730815785764],[-122.38657926213438,37.77864980257803],[-122.38650068430748,37.778662595490395],[-122.38650703235562,37.77873598670507],[-122.38647581625773,37.77865576932236],[-122.38640768390535,37.778667959742094],[-122.38641403299705,37.77874135094353],[-122.38639387903707,37.77866875650786],[-122.38631712024826,37.77866492350299],[-122.38631382734049,37.778747131415805],[-122.38628260917663,37.77866691401844],[-122.38621107659816,37.778679301118814],[-122.38620362058764,37.77875348817329],[-122.38618620854656,37.77867247398884],[-122.38611617480917,37.77868477486747],[-122.3861087187033,37.77875896191593],[-122.38610236993465,37.77868557159911],[-122.38602828912504,37.77868158381241],[-122.38601119098375,37.778764587536976],[-122.38599377914997,37.77868357332427],[-122.38592264674293,37.778695937625045],[-122.38591519044266,37.77877012466108],[-122.38590884297635,37.77869673341501],[-122.38583446739186,37.77869276283897],[-122.38583117281374,37.77877497075599],[-122.38579995629432,37.77869475321308],[-122.38573158345427,37.77870695790106],[-122.38573793185846,37.778780348237554],[-122.3857177796836,37.778707753668634],[-122.3856430027276,37.77870380561362],[-122.38562590417361,37.77878681018286],[-122.38560849164267,37.778705796832554],[-122.38554003938117,37.778718005382714],[-122.38553258269654,37.77879219239429],[-122.38551517026613,37.778711179030296],[-122.38544189601913,37.77872366561341],[-122.38543443923591,37.77879785261866],[-122.38542809110727,37.77872446136522],[-122.3853547336569,37.77872043184685],[-122.38535143968154,37.77880263973195],[-122.38532022366866,37.778722422062415],[-122.38524860924926,37.778734813488974],[-122.38525495717857,37.77880820385111],[-122.3852348054682,37.77873560920001],[-122.38515705348034,37.77873183277788],[-122.38515366290389,37.77881404580335],[-122.38512950541953,37.778815438741134],[-122.38511404718973,37.778634253424904],[-122.38513820461542,37.77863286049021],[-122.3851554164298,37.77871265236767],[-122.3852317246924,37.77869999037526],[-122.38522548287106,37.77862782666348],[-122.38525659264262,37.77870681680565],[-122.3853282059216,37.77869442629316],[-122.38533576887812,37.77862146594614],[-122.38535307501382,37.77870125268503],[-122.38542501139712,37.778688843428135],[-122.38543257312297,37.77861588309297],[-122.38544987820356,37.77869566893508],[-122.38552315355655,37.77868318232878],[-122.38551691258839,37.77861101861405],[-122.38554802155078,37.77869000959854],[-122.38561647603231,37.77867780010656],[-122.38562403759188,37.77860484065985],[-122.38564134287549,37.778684626473975],[-122.3857146986774,37.778672134856336],[-122.38572226127484,37.778599175385104],[-122.38573956666268,37.77867896118489],[-122.38580794063348,37.7786667573749],[-122.38580169825507,37.77859459369317],[-122.38583280862552,37.77867358368382],[-122.38590576187893,37.77866111460762],[-122.38591332315266,37.778588155142096],[-122.38593062987808,37.778667940895886],[-122.3860017611678,37.77865557841008],[-122.38599551971411,37.77858341381945],[-122.38602663028603,37.778662403759114],[-122.38609928874489,37.77864995279672],[-122.38609304721986,37.77857778911202],[-122.38611309361285,37.77864915606544],[-122.38618454857777,37.778653295757564],[-122.38620175259146,37.77857151865837],[-122.38620870596675,37.77865190170271],[-122.38628095143015,37.77864773485134],[-122.38629815420144,37.77856595775609],[-122.38631546135795,37.77864574435454],[-122.3863907988432,37.77863313769479],[-122.38639835963768,37.77856017819782],[-122.3864046025928,37.77863234184841],[-122.38647415619164,37.77863659019429],[-122.38649135988265,37.77855481305253],[-122.38650866610914,37.77863459964093],[-122.38658724501707,37.77862180580417],[-122.38659480675238,37.77854884627632],[-122.38660104989748,37.77862100991663],[-122.3866706828538,37.77862525327182],[-122.38667408261864,37.77854427288166],[-122.38670519389566,37.77862326264278],[-122.38677198603457,37.77861114937368],[-122.38676574385926,37.77853898572414],[-122.38678579091098,37.7786103534645],[-122.38686404963983,37.77861409907252],[-122.38686744805837,37.778533118694824],[-122.38688749520621,37.778604486417954],[-122.38695871092013,37.778608638482346],[-122.38696210923523,37.77852765810181],[-122.38698215644965,37.77859902490812],[-122.38705701386313,37.77860296722068],[-122.38706041320577,37.778521986819065],[-122.38709152488431,37.77860097647856],[-122.38715973641982,37.778588780788354],[-122.38716820288494,37.77852629141378],[-122.38717354015293,37.77858798485194],[-122.38725005854322,37.77859183106044],[-122.38725436298243,37.77852132084287],[-122.38728456955408,37.77858984026186],[-122.3873516437413,37.77858597092636],[-122.38734098314684,37.77835984133764],[-122.38533611626357,37.7784803002544],[-122.38529261948399,37.77845107207049],[-122.38533337044123,37.778411717919724],[-122.38537076282014,37.7784382508626],[-122.3875050067978,37.778316232805],[-122.38769181323411,37.77833670480976],[-122.38762432732929,37.77821031185166],[-122.39041057065694,37.777142182059286],[-122.3898570797698,37.77649975447085],[-122.38981083488596,37.77650284256068],[-122.38982115531142,37.77659077682747],[-122.38767818560244,37.776716316407786],[-122.38759524934599,37.77674802509706],[-122.38745121063363,37.77671359885055],[-122.38734725072833,37.77663319088151],[-122.38730061177131,37.776524085355916],[-122.38731081720711,37.77631910109656],[-122.38710322822166,37.776325544256636],[-122.38708173498591,37.776103536179036],[-122.38499495188788,37.77632359115066],[-122.38502614543775,37.776275032626955],[-122.38482765078716,37.77539430282],[-122.38488067627644,37.77538850917131],[-122.38487698573684,37.77533014811053],[-122.3869962462329,37.77508194196007],[-122.38692253789502,37.77432803674845],[-122.38181437425324,37.77461522390589],[-122.3814558268399,37.77191749213871],[-122.38473458551772,37.77336267313017],[-122.38675987840125,37.77327255532183],[-122.38657291978065,37.7728394856546],[-122.38659848014872,37.772802216149074],[-122.38671656807888,37.77277134055219],[-122.38665908760623,37.772481075550004],[-122.38671411275637,37.77243998193256],[-122.38661093001258,37.77228249293753],[-122.38653955444163,37.771947999797895],[-122.38643891072704,37.77194310007563],[-122.38645887518298,37.77167911768592],[-122.38641367915336,37.771676585776994],[-122.38641670629517,37.77163422095461],[-122.38636941940027,37.771630094900964],[-122.3863704784928,37.77159101674865],[-122.38634587111436,37.77159141052169],[-122.3863835362926,37.77145897588753],[-122.38627657589169,37.771447667669705],[-122.38628575521543,37.77140520440528],[-122.38621361326851,37.77139171048447],[-122.3861007579662,37.771309564791],[-122.38609010231532,37.77128731945187],[-122.3861422170835,37.77126625701208],[-122.38608588649258,37.771183442086425],[-122.38601114216685,37.77118861952471],[-122.3860413783732,37.771173874090344],[-122.38589489028863,37.77099521305858],[-122.38592075287204,37.770818453854254],[-122.38584360991504,37.77068630422161],[-122.38578210220166,37.77070013587971],[-122.38579769137228,37.771250258069635],[-122.38562159710548,37.77216242055619],[-122.38555395816451,37.77215419296885],[-122.38568134536116,37.77144438457875],[-122.38551463192647,37.77142991206089],[-122.38546838073941,37.77153058174907],[-122.38533605759028,37.7716515093182],[-122.38528638967584,37.771634400213145],[-122.3856837257019,37.77076430415792],[-122.38572422849846,37.77059196826037],[-122.38555852955324,37.77063724163364],[-122.38315540191685,37.76970889167004],[-122.38337561340066,37.76933266500713],[-122.38556947969843,37.770179725121984],[-122.3854928800776,37.76999052619807],[-122.38547541359253,37.769836723650855],[-122.38501897410185,37.76885719251309],[-122.38489447242884,37.76888196874244],[-122.38478769872023,37.76865661400588],[-122.38500588938199,37.768585755863405],[-122.38503830331919,37.76849701700977],[-122.38500755838703,37.76842873631109],[-122.38508023024477,37.76840624157892],[-122.38504326313891,37.76834141740723],[-122.38516818537899,37.76829576401745],[-122.38514538000706,37.76814287138544],[-122.38470056489341,37.76817098437064],[-122.3846237349177,37.76807482514621],[-122.38388155102285,37.768121728155414],[-122.38384281636276,37.76774521183787],[-122.38245672964783,37.767832792690626],[-122.38244030098505,37.76769176496226],[-122.38490094386103,37.767536276100266],[-122.38487045956528,37.767240007151926],[-122.38582299983376,37.767255000100455],[-122.386615000494,37.765667999757554],[-122.38760599966947,37.76448299979713],[-122.38791700035374,37.76437899995063],[-122.3881639997456,37.76695800007875],[-122.39396799990124,37.76661400005441],[-122.39384800039235,37.76530699992282],[-122.40449699949632,37.76466400045624],[-122.40498999944751,37.76971499992365],[-122.404390999616,37.76975000012866],[-122.40408299972505,37.7699689998337],[-122.40387800040297,37.77006300027747],[-122.39943300014632,37.77357300000445],[-122.40098200024516,37.77480899962391],[-122.39875500023801,37.7765679999094],[-122.39720600011663,37.77533200026262],[-122.38939000053614,37.78150899976079],[-122.38916800034876,37.78164899962095],[-122.38875799962716,37.78179799957584],[-122.38830599956547,37.781797999593714],[-122.38809599964077,37.78191199993035],[-122.38807000054344,37.78244900033709],[-122.38762957835273,37.78282465374029],[-122.38738919714811,37.78279003489713],[-122.38472992737704,37.78292541667912]]],[[[-122.38431936715334,37.778927183578006],[-122.38515659077918,37.77816137692459],[-122.38517749847435,37.778175775578575],[-122.38432713741811,37.778954007358486],[-122.38424711299096,37.779100103593805],[-122.38451364543067,37.78202928055513],[-122.38448603994958,37.782030913205084],[-122.3842151783772,37.77914686407462],[-122.38424218936147,37.77902861721916],[-122.38431936715334,37.778927183578006]]]]}},{"type":"Feature","properties":{"nhood":"Mission"},"geometry":{"type":"MultiPolygon","coordinates":[[[[-122.41095899969652,37.76943300044438],[-122.41093100020761,37.769410999642986],[-122.40973600056184,37.770349000005766],[-122.40843600020258,37.769317999707376],[-122.40800700007466,37.76924399995716],[-122.40700100015842,37.77005000013585],[-122.40621300047536,37.76946300013261],[-122.4059390005741,37.769659000295114],[-122.40498999944754,37.76971499992365],[-122.40449699949635,37.764664000456285],[-122.4050899999291,37.764628000106],[-122.40506000001498,37.76431100005319],[-122.40510499977647,37.76385199978387],[-122.40520300010361,37.76347799984305],[-122.40538400037079,37.76296999991264],[-122.40565400055671,37.76243299969862],[-122.40628300049691,37.76139299982541],[-122.40649299998017,37.760685999686466],[-122.40649199992218,37.76025499979655],[-122.40638900028321,37.759803999802564],[-122.40626200021022,37.75945199996896],[-122.40590299961292,37.75893400040529],[-122.40554499975511,37.75853699994637],[-122.4044420001742,37.75774799994616],[-122.40416900006676,37.75752999961382],[-122.4037740001741,37.75713799957894],[-122.40354399953654,37.756803999745614],[-122.40339600041351,37.75647100031058],[-122.40330600044193,37.75616600033068],[-122.40324500003837,37.75576000029501],[-122.40297799990577,37.75275000028274],[-122.40300700011221,37.75244600011574],[-122.40335699970656,37.75135100002875],[-122.40337700025204,37.750930999658905],[-122.40330899986995,37.750885000279034],[-122.40378399961243,37.749432999581174],[-122.40523900007837,37.74912500013903],[-122.40631199955739,37.74893899986727],[-122.40672800022428,37.7488189999828],[-122.4067579997854,37.74876599965623],[-122.40689200054997,37.74877200004645],[-122.40777400032441,37.74847499960033],[-122.40788199997928,37.7484050000073],[-122.4086039995914,37.74840199998629],[-122.40870600034212,37.748352999663545],[-122.40885399961527,37.74839699990414],[-122.40954699957254,37.74838500013833],[-122.40964599961983,37.74833400004449],[-122.40974900000218,37.748379999987705],[-122.41044900040221,37.748365000265586],[-122.41054599993376,37.74831699955356],[-122.41065400046959,37.74836299965998],[-122.41134600057224,37.74834400033542],[-122.41148399995373,37.748297999649054],[-122.41162800041087,37.74834099965758],[-122.41353599999383,37.74830400024126],[-122.41366899946622,37.748254999592845],[-122.41381799945616,37.748292000146385],[-122.41482600011912,37.748273000241184],[-122.4149189996829,37.74823099992062],[-122.41502599947134,37.74826699976421],[-122.41572799970014,37.748255000305754],[-122.41586300017671,37.74821200010217],[-122.4160089996925,37.7482509996289],[-122.41804700051205,37.74821099954374],[-122.41822100044091,37.748166000096106],[-122.4183569994665,37.74819800021692],[-122.42013900047063,37.748157000392084],[-122.42027899960429,37.748124999564105],[-122.42046999967351,37.748161000031345],[-122.4212990001822,37.748142999795895],[-122.42230000034134,37.74807000014725],[-122.422877999512,37.74794800028456],[-122.42476800004648,37.74782999973639],[-122.42486299991823,37.74793900009896],[-122.4249180003796,37.74851200022902],[-122.42477299989831,37.748752000300456],[-122.42483000006217,37.749330999611075],[-122.42492299965825,37.749435000176305],[-122.42485099998963,37.749547999897295],[-122.42490799952544,37.75012500021116],[-122.42499899951841,37.75023299966144],[-122.42492999960164,37.750349000140226],[-122.42498700036532,37.75092600033739],[-122.4250759994601,37.751032999614644],[-122.42500899996891,37.75114899988009],[-122.42506600008569,37.751724000179415],[-122.42515300046206,37.75184199992317],[-122.42508600032808,37.7519289997931],[-122.42522799991362,37.75335600010854],[-122.42530300041265,37.75343199966673],[-122.4252360001552,37.753518999579796],[-122.42537800019207,37.75494499996147],[-122.42545699985786,37.75502900002869],[-122.42538600054415,37.75512199986213],[-122.42552799953599,37.75654900014145],[-122.42561200047562,37.75663099970136],[-122.42554999976474,37.75671999983951],[-122.42560499964176,37.75734700017382],[-122.42568900025643,37.75743000004464],[-122.425627000284,37.75751799983403],[-122.42568300031785,37.758144999947106],[-122.42576699985229,37.75822700033045],[-122.42569200017344,37.758349000224655],[-122.42574599953674,37.75891200026645],[-122.4258430000488,37.75902899978237],[-122.42576900033166,37.75915399974488],[-122.42582199982203,37.759710000024725],[-122.42591999991141,37.75983000043512],[-122.4258459994904,37.75994900010024],[-122.42597899961014,37.761314999956156],[-122.4260770001144,37.76142700009788],[-122.42600199998357,37.761549000084784],[-122.42605399995887,37.762102000033615],[-122.42614600048779,37.76215999969426],[-122.42606499976212,37.76222199985883],[-122.4261310002395,37.762911999793054],[-122.42622799943146,37.76303099973758],[-122.42615299960126,37.76314999959611],[-122.42622600036549,37.76391600026974],[-122.42631700046427,37.76397000032873],[-122.42624000021766,37.764060000088236],[-122.42628199987898,37.76450599997339],[-122.42638200035921,37.764645999649154],[-122.42630900029822,37.76479199987158],[-122.42639800006752,37.765711000307796],[-122.42649100006845,37.76577399959701],[-122.42641000042065,37.7658350004292],[-122.42644399957267,37.766184999562164],[-122.42653800030841,37.76626800036458],[-122.42646099969247,37.76636100036555],[-122.42652400006395,37.7670130001286],[-122.42661600042108,37.767070000028156],[-122.42653499996128,37.767127999861714],[-122.42659599944433,37.76775800010046],[-122.42669300030515,37.76786900042236],[-122.42661800052146,37.7679900002148],[-122.42671299991707,37.76898199989395],[-122.42685800050366,37.76904199954658],[-122.42694800056495,37.76917500022637],[-122.42655500055683,37.769484999847016],[-122.4263090001491,37.76960300010809],[-122.42628499996849,37.76968400008577],[-122.42495799980635,37.77072600020938],[-122.424853000398,37.77074800033911],[-122.42482900052963,37.77082899996692],[-122.42372500041824,37.77169599964352],[-122.4236199995259,37.77171700011694],[-122.42359600029306,37.77179800034377],[-122.42273199952469,37.772479999865624],[-122.42261999961212,37.77250299983142],[-122.42259500037851,37.77258700006489],[-122.42205099951369,37.77301600017694],[-122.42194099981572,37.77303600005582],[-122.42191600006149,37.7731230002854],[-122.4208080001382,37.77399700010538],[-122.42069900010192,37.77400800006738],[-122.4206749997271,37.77408699981931],[-122.42038599956041,37.77431600044582],[-122.42025400034952,37.774359000176936],[-122.42023099965834,37.77443799976193],[-122.4193569999576,37.77512800012117],[-122.41925600041813,37.77514700013959],[-122.41916799985066,37.77527799990682],[-122.41870400041417,37.77564499965146],[-122.4186589994612,37.7755580003917],[-122.41095899969652,37.76943300044438]]]]}},{"type":"Feature","properties":{"nhood":"Russian Hill"},"geometry":{"type":"MultiPolygon","coordinates":[[[[-122.42648642696419,37.80816384578536],[-122.42649553671173,37.80816055625287],[-122.42648644057252,37.80816397623902],[-122.42648642696419,37.80816384578536]]],[[[-122.42652180474077,37.8081510708785],[-122.42653673471189,37.80829651352661],[-122.42653460874273,37.80828668177178],[-122.42652180474077,37.8081510708785]]],[[[-122.42659669930877,37.80862708132125],[-122.42659529601124,37.80861765322199],[-122.42659866260509,37.80864259337504],[-122.42659669930877,37.80862708132125]]],[[[-122.42661841461798,37.808823309122225],[-122.4266360000741,37.80879400008497],[-122.42661845382463,37.8088238131611],[-122.42661841461798,37.808823309122225]]],[[[-122.4266219459041,37.80890624325483],[-122.42662368167619,37.80889254710134],[-122.42662194928185,37.808907029958704],[-122.4266219459041,37.80890624325483]]],[[[-122.42661172342332,37.809108401846586],[-122.4266122057739,37.80910383382879],[-122.42661114258387,37.80911293902951],[-122.42661172342332,37.809108401846586]]],[[[-122.42653580844055,37.809439904072626],[-122.42653732484146,37.80943534980587],[-122.42653424871226,37.80944427700206],[-122.42653580844055,37.809439904072626]]],[[[-122.422843779438,37.81025566506215],[-122.42136641239586,37.80916113302567],[-122.4212103100574,37.809190083291305],[-122.42103596418094,37.80895711836207],[-122.4209441843801,37.80896737213224],[-122.42091092053995,37.80879730996756],[-122.42085804967951,37.80879564136972],[-122.42071676215207,37.80890044714696],[-122.42075992192588,37.80908491988988],[-122.4206935911433,37.80908016657711],[-122.42067737527975,37.80902209610742],[-122.42036058099349,37.80900392053916],[-122.42038450785014,37.808933530215675],[-122.42066836277733,37.80895807478324],[-122.42063526126434,37.808756239481156],[-122.4205408790781,37.8087685044686],[-122.42046195386253,37.80830305197255],[-122.41922399517857,37.808452977317536],[-122.41871799968254,37.805931999694444],[-122.41838099990375,37.80597700007548],[-122.41722600031191,37.805169999798814],[-122.41688800002433,37.80521200037706],[-122.4168180003936,37.80488700036152],[-122.41290800040426,37.80218399966503],[-122.41228300033903,37.799095999949856],[-122.41721800020179,37.79847199968085],[-122.41611300021154,37.79301400044634],[-122.422693999938,37.792174999748426],[-122.42281600004543,37.79225500020702],[-122.42295500019095,37.79294399971139],[-122.42287099953157,37.793049999733704],[-122.42299300013183,37.793130000015005],[-122.42313299962807,37.79382899995969],[-122.42304900049216,37.79393500005461],[-122.42316999993359,37.794015000272296],[-122.42331100055424,37.7947109996965],[-122.42322699953948,37.79481699991957],[-122.4233479994746,37.79489699996021],[-122.42349300000998,37.79561399976182],[-122.42341300018697,37.79573700022198],[-122.42353900008861,37.79583799973971],[-122.42368899957614,37.79658000029824],[-122.42360100041957,37.796691000098924],[-122.42372600037436,37.79676600037951],[-122.42387700035276,37.79751000032864],[-122.42379300015908,37.79761700029532],[-122.42391399959001,37.79769699980665],[-122.4240659995123,37.79844600019421],[-122.4239819998679,37.79855199990732],[-122.4241040003113,37.79863300037706],[-122.42425400025846,37.799378000153936],[-122.42417100023788,37.79948500022876],[-122.42429199973722,37.79956500028107],[-122.42444300027735,37.80031200034044],[-122.42435899967025,37.80041500013378],[-122.42447999975235,37.80049499999799],[-122.42462300043263,37.80120099980269],[-122.4245379995727,37.801303999796644],[-122.4246679997438,37.80142599967982],[-122.42481500035497,37.802175000217176],[-122.42473099983222,37.80228100035349],[-122.42485299946085,37.802360999771764],[-122.4250040002105,37.80310700036224],[-122.4249189996078,37.803206000075306],[-122.42504200026666,37.80329299982371],[-122.42519100010074,37.80402699976368],[-122.42510999977425,37.804145999803694],[-122.42523099995645,37.804225999854076],[-122.42538200055392,37.8049710003822],[-122.42529900042516,37.80507800016466],[-122.4254880001437,37.80601000015347],[-122.42562799956806,37.80645600043219],[-122.42577999957668,37.80671500017826],[-122.4262569999754,37.80718500031478],[-122.42648899957267,37.80765200022934],[-122.42661299958132,37.80815200004181],[-122.42647487454177,37.80807208460202],[-122.42639722654607,37.807759171046875],[-122.42628866668512,37.80754583450541],[-122.4261176909387,37.80764073814248],[-122.42600515055702,37.807511677529774],[-122.42594836448852,37.807541469828706],[-122.42607299425381,37.8076797300111],[-122.42604455823752,37.80769294927261],[-122.42578825141408,37.8074058022355],[-122.42586048254854,37.80741670532911],[-122.42593183565526,37.80752428685043],[-122.42597014708963,37.80750016658794],[-122.42593351443375,37.80745847447351],[-122.42613113950605,37.8073520302183],[-122.42566014783252,37.807019587297006],[-122.4250694543355,37.806758394373304],[-122.42451638298355,37.8066228725216],[-122.42401847099308,37.80661591651123],[-122.42370599075005,37.806673046331156],[-122.42303783033987,37.80698262206866],[-122.42228449427982,37.80747094987475],[-122.42153771836303,37.80806148401763],[-122.4217897183056,37.80837434879199],[-122.42175907277165,37.80839527863021],[-122.42149269250079,37.80811046039327],[-122.42132422092384,37.80827892265977],[-122.42158527679835,37.808543276774394],[-122.42155858694267,37.8085598406223],[-122.42148262287151,37.808506237693734],[-122.42130076388528,37.80830237762555],[-122.42105267106786,37.808550454566074],[-122.42110217437185,37.808803535893844],[-122.42149493141271,37.80913341870118],[-122.42144831568234,37.80916321430935],[-122.42288614270261,37.810219171940226],[-122.422843779438,37.81025566506215]]],[[[-122.42444351012321,37.81072229061035],[-122.42434891569422,37.8106625948559],[-122.42430007472883,37.81056600221244],[-122.42431796116911,37.810479803212196],[-122.42439213614819,37.810415238639884],[-122.42450204821118,37.81039325085871],[-122.42460594245513,37.810422193163305],[-122.42467065449345,37.810486386753006],[-122.42469826938354,37.810593786012596],[-122.42476192135386,37.81062654814214],[-122.42511506784585,37.810604495052466],[-122.42544862555674,37.810522771476236],[-122.42572950429249,37.81040096318373],[-122.42603275974825,37.81021167547134],[-122.42631050021002,37.80987580233462],[-122.42648570130184,37.809567654797064],[-122.42667099967395,37.80963899964285],[-122.42652494692226,37.809907790310284],[-122.42627700002993,37.810213000256105],[-122.42601094964112,37.810437547517346],[-122.42574109250636,37.81058989436176],[-122.42537999945388,37.810718999819485],[-122.42487619452253,37.81079868211466],[-122.4246403812883,37.81077769211596],[-122.42444351012321,37.81072229061035]]],[[[-122.42356090033874,37.81015324014193],[-122.42339006771624,37.80993695408758],[-122.42330733894424,37.809935579730116],[-122.42330982884339,37.80988410333472],[-122.42338854676616,37.80988377401839],[-122.42359330157055,37.81014254241495],[-122.4236590190525,37.81036630952886],[-122.42362335034768,37.81060021424399],[-122.4234920112097,37.81081701331649],[-122.42327265461398,37.81098179483416],[-122.4208120192032,37.81187907507314],[-122.42080509333645,37.81185137467591],[-122.4232530040648,37.810958736023096],[-122.42346357583658,37.81080055228915],[-122.42358967205872,37.81059240928637],[-122.42362391929193,37.810367821969336],[-122.42356090033874,37.81015324014193]]]]}},{"type":"Feature","properties":{"nhood":"Marina"},"geometry":{"type":"MultiPolygon","coordinates":[[[[-122.42662368167619,37.80889254710134],[-122.4266361200163,37.808794419893395],[-122.42661841461798,37.808823309122225],[-122.42652200055036,37.808151000088955],[-122.42648642696419,37.80816384578536],[-122.42647487454177,37.80807208460202],[-122.42661299958132,37.80815200004181],[-122.42648899957267,37.80765200022934],[-122.4262569999754,37.80718500031478],[-122.42577999957668,37.80671500017826],[-122.42562799956806,37.80645600043219],[-122.4254880001437,37.80601000015347],[-122.42529900042516,37.80507800016466],[-122.42538200055392,37.8049710003822],[-122.42523099995645,37.804225999854076],[-122.42510999977425,37.804145999803694],[-122.42519100010074,37.80402699976368],[-122.42504200026666,37.80329299982371],[-122.4249189996078,37.803206000075306],[-122.4250040002105,37.80310700036224],[-122.42485299946085,37.802360999771764],[-122.42473099983222,37.80228100035349],[-122.42481500035497,37.802175000217176],[-122.4246679997438,37.80142599967982],[-122.4245379995727,37.801303999796644],[-122.42462300043263,37.80120099980269],[-122.42447999975235,37.80049499999799],[-122.42435899967025,37.80041500013378],[-122.42444300027735,37.80031200034044],[-122.42429199973722,37.79956500028107],[-122.42417100023788,37.79948500022876],[-122.42425400025846,37.799378000153936],[-122.4241040003113,37.79863300037706],[-122.4239819998679,37.79855199990732],[-122.4240659995123,37.79844600019421],[-122.42391399959001,37.79769699980665],[-122.42379300015908,37.79761700029532],[-122.42387700035276,37.79751000032864],[-122.42372600037436,37.79676600037951],[-122.42360100041957,37.796691000098924],[-122.43676100021689,37.79501599957787],[-122.43695000046232,37.79594899963438],[-122.4467279995703,37.79470600008707],[-122.44782000052123,37.80163299974721],[-122.44792200037067,37.80153199977781],[-122.44836000016737,37.80158699959347],[-122.44880299964053,37.80177199979426],[-122.44917900028516,37.80207399980202],[-122.44945999990415,37.80245399968411],[-122.44956499951098,37.802790999613926],[-122.44958399963814,37.803152999772216],[-122.44949599943624,37.803470000014286],[-122.44938799992602,37.80371100023794],[-122.44912400026827,37.80400800026868],[-122.44881500041494,37.804229000037594],[-122.44824099943519,37.80447799978825],[-122.44849200012717,37.806087999548296],[-122.4483860002099,37.80622000022463],[-122.44814600017365,37.80635000028524],[-122.44818499990421,37.80675499961308],[-122.44812880222945,37.80689161978192],[-122.44718077305986,37.80747716083335],[-122.44525965186295,37.807626462301805],[-122.44479028518042,37.807607272002336],[-122.44368499561176,37.8077217105008],[-122.44252395060471,37.80802394399056],[-122.44095117488662,37.80819601537545],[-122.44066643607798,37.80828211691113],[-122.4405279751266,37.80836069483219],[-122.44003218303321,37.8088328540771],[-122.4399281144567,37.80877905459978],[-122.44027073939722,37.80822941567566],[-122.4404001501966,37.808153124638274],[-122.44180774090033,37.80798612718931],[-122.44179967940218,37.80791308115213],[-122.44149041819658,37.807943965394024],[-122.44139901395154,37.807832873888266],[-122.44151197629341,37.807923241214745],[-122.44162465179998,37.80791198840412],[-122.44155824505819,37.80780545568816],[-122.44165867513809,37.80790859034156],[-122.44178809919917,37.80788264938411],[-122.44171743447882,37.80778747909985],[-122.44181971016873,37.80789250823196],[-122.44193592717005,37.80788090211493],[-122.44187357332143,37.807771302685886],[-122.44197750798686,37.8078953218374],[-122.4418157252388,37.80791147865778],[-122.44182377763099,37.807984436524826],[-122.44232064594505,37.807932082462216],[-122.44242263091243,37.80788017533701],[-122.44244752303231,37.80778944184534],[-122.44234549081865,37.807812837087035],[-122.44234665697176,37.807835527635],[-122.44203326960383,37.80787475082575],[-122.442009296627,37.807734283649275],[-122.44202735857725,37.80772143228904],[-122.44205868074009,37.80785221203379],[-122.44220779495112,37.807833549039316],[-122.44220826279707,37.80767558602967],[-122.44223721473178,37.807818222417104],[-122.4423150927308,37.80782011936836],[-122.44229304739108,37.807665605676114],[-122.44231205915963,37.80765597760071],[-122.44233715552438,37.80777962124199],[-122.44236724220197,37.807781884361],[-122.44239965685573,37.807645675068784],[-122.44241382352959,37.807728674498314],[-122.44238535266462,37.807782784709644],[-122.44244354239807,37.8077737090815],[-122.4424096745654,37.80763982340382],[-122.44268521106945,37.80759563153353],[-122.44271260656964,37.8077930045127],[-122.44278007402363,37.807806880380966],[-122.44273320594183,37.807529474807275],[-122.4428838490624,37.80751852450567],[-122.44275687230783,37.807551959639646],[-122.44277391491573,37.80757673091898],[-122.4428904530036,37.807568259300965],[-122.44276367980153,37.80759884144036],[-122.44289633836203,37.80761258511542],[-122.44277020700882,37.807643780328554],[-122.4427883035444,37.807671364965934],[-122.44290303573995,37.80766302492386],[-122.44277781668731,37.80769618328464],[-122.44290869326012,37.807705632265666],[-122.44278360436387,37.807736040677696],[-122.44280264967563,37.80776098804488],[-122.44291495917686,37.80775282308526],[-122.4427906299898,37.80777250532532],[-122.44279604274493,37.807804806785356],[-122.4429029144569,37.80779380876953],[-122.44329122481308,37.80769881974106],[-122.4432843666718,37.80766160254691],[-122.44315343655815,37.807676232670524],[-122.44326153191865,37.807653060356664],[-122.44326962813282,37.80762336073972],[-122.4431442968409,37.807628961236546],[-122.44325478641798,37.807605521472674],[-122.44326112558075,37.80757938718107],[-122.44313576799986,37.80758484841471],[-122.44324198994104,37.80756188542351],[-122.44325211724433,37.80753279761237],[-122.44312414413587,37.80752473231147],[-122.44324615413412,37.80750195619566],[-122.4432299620539,37.80748013146476],[-122.44311794069236,37.80749264846614],[-122.44322541174519,37.80746954594668],[-122.44321901679136,37.80743110177004],[-122.44310632997963,37.8074325997352],[-122.44335968929178,37.8074042888011],[-122.44325709736493,37.807436777432606],[-122.44336791351782,37.80744682769781],[-122.44326528597533,37.80747912946906],[-122.44327944937503,37.80750737724868],[-122.44337750259666,37.80749642045752],[-122.44327485650038,37.80752862340752],[-122.44328910359017,37.80755299457517],[-122.44338634140705,37.80754212871802],[-122.44328390036407,37.807575398039994],[-122.44329897411511,37.8076005829023],[-122.44339555737909,37.807589790909105],[-122.44329301914385,37.80762256076277],[-122.44331132708207,37.807647495867656],[-122.44340469725147,37.80763706232388],[-122.44330150492046,37.80765968715122],[-122.44330813415104,37.80769566623978],[-122.44367248290375,37.80759750915098],[-122.44366482505436,37.807476345096276],[-122.44387247267147,37.80744061957334],[-122.44384331700749,37.807368144814525],[-122.44364456805269,37.807423043021906],[-122.44352623109769,37.80731766457946],[-122.44361255721051,37.80739049320552],[-122.44364717264398,37.807369633643866],[-122.4435890469952,37.80730456030532],[-122.4436769819128,37.807378746641426],[-122.44370956531971,37.807357457324514],[-122.4436566933206,37.80729681703601],[-122.44376931629111,37.80736191230757],[-122.44371164182816,37.80728279513949],[-122.44379900421129,37.80735649875806],[-122.44382872022469,37.80733601999725],[-122.44377382473111,37.807273672860816],[-122.44385902897594,37.807345554597035],[-122.44394512858737,37.807329856581816],[-122.44385197610919,37.8072183973941],[-122.44397716792687,37.80732401490319],[-122.44402356226637,37.80731555558066],[-122.44390892652793,37.80718851974344],[-122.44405311789714,37.80731016667759],[-122.44410442146383,37.807280666798825],[-122.44403023126307,37.807202041925436],[-122.44413968543024,37.807294382399895],[-122.4441935379756,37.80728232226865],[-122.44407066788781,37.80715289891944],[-122.44421615571876,37.80727563819162],[-122.44426259611271,37.80726191310553],[-122.44414580359003,37.807131647037494],[-122.44429045402987,37.80725367995149],[-122.44433083515001,37.80722094262191],[-122.44422235459619,37.807113389049604],[-122.44436317200314,37.80723218841312],[-122.44440437979515,37.807199746545976],[-122.44429764265523,37.80709366392298],[-122.44443624390165,37.80721059366244],[-122.44454650651146,37.80717800635544],[-122.44443816509042,37.80705153143405],[-122.44457729500179,37.80716890740945],[-122.4446574184017,37.807165743298896],[-122.44444127558994,37.807229621010734],[-122.44448464764272,37.807301148378805],[-122.44525673001701,37.807070823621],[-122.44522534359228,37.80701461328965],[-122.44505855147968,37.80703197113121],[-122.44517772528705,37.80698575404833],[-122.445116778694,37.80695156852036],[-122.44484178867252,37.806990421021],[-122.44502741722386,37.80695303600525],[-122.44505830264575,37.806918767941944],[-122.44500607725523,37.80688947272334],[-122.44482985061354,37.80691437131335],[-122.44488719104419,37.80689511209691],[-122.44487660139951,37.8068341571717],[-122.4446168066379,37.80685970444064],[-122.44491889136343,37.806817025170375],[-122.44500773272138,37.80686685911725],[-122.44497393555007,37.80680021723711],[-122.44499324443638,37.80679414723134],[-122.44503902042696,37.80688440891645],[-122.4451220528192,37.80693098335034],[-122.44504602614896,37.80678107697396],[-122.44506533502441,37.80677500695638],[-122.44515334057881,37.80694853311901],[-122.44523137329966,37.80699230333951],[-122.44535554480687,37.80695549165713],[-122.44524775861916,37.80672275298568],[-122.44526707195739,37.80671668105847],[-122.44537500019918,37.80694972378398],[-122.4454694277519,37.8069217298513],[-122.44535315298253,37.80669246580016],[-122.44537246180974,37.80668639573221],[-122.4454888887798,37.8069159609649],[-122.44556188841777,37.80689431983376],[-122.44544553310908,37.80666489587925],[-122.44546484078629,37.80665882581487],[-122.44558134940772,37.80688855003126],[-122.44570437316543,37.806852078644084],[-122.44565255808396,37.80672731910114],[-122.44589576886362,37.80681585880638],[-122.44573551177453,37.80686336996442],[-122.44575387499017,37.80689736733464],[-122.4463845866128,37.80671526274135],[-122.44616995768958,37.80672698776678],[-122.44598154917547,37.806782514212145],[-122.44559746658365,37.80662611102565],[-122.44600104791972,37.80675625994664],[-122.4461498463207,37.806712407195555],[-122.44571780285327,37.806535481134674],[-122.44617726933967,37.806704324959654],[-122.44628268714996,37.80667325699667],[-122.44600472920858,37.806499804657356],[-122.44630550565083,37.806666532249096],[-122.44642059223338,37.806632614462416],[-122.44616652190935,37.80645310590629],[-122.44644340957385,37.80662588970678],[-122.44655383629409,37.80659334464578],[-122.44640668020509,37.80648055272983],[-122.44654063386524,37.806564142307366],[-122.44653131135476,37.80654584735164],[-122.44662015060052,37.80651962999155],[-122.44664318594293,37.80658373188896],[-122.44693929131805,37.80649197116047],[-122.44694955018595,37.806511143734475],[-122.44672110591316,37.80658930759427],[-122.44673436664561,37.806615445712765],[-122.44699655807597,37.806533690305045],[-122.44697390531874,37.80643238620045],[-122.44685105023824,37.80644323093087],[-122.4469727582279,37.806421433714114],[-122.44697003373807,37.80637783632713],[-122.44677939534023,37.806394662950815],[-122.44696695785962,37.80636705447001],[-122.44697315264857,37.80632425070795],[-122.44676738912932,37.80634281311833],[-122.44695710074946,37.80629610932374],[-122.44692174050589,37.80621193535086],[-122.44680019486384,37.80622591988932],[-122.44693464884405,37.806186303410904],[-122.4469198613452,37.80611398689027],[-122.44677606693998,37.8061094104211],[-122.4469008829217,37.80609504928078],[-122.44690923152268,37.80606199808962],[-122.44670041410907,37.80607418332625],[-122.44688764837699,37.80604543582889],[-122.44689933375511,37.80601059290779],[-122.44668506072469,37.806020779159496],[-122.44689366894725,37.80598108773123],[-122.44686741056724,37.80590176163848],[-122.44667085450465,37.80592032691364],[-122.44687425915521,37.80587999051846],[-122.44684607435252,37.80579806376489],[-122.44666152292436,37.805821109980876],[-122.44684084180997,37.80578759688326],[-122.44684992411369,37.80575324394001],[-122.4466490993865,37.80577092526268],[-122.44684493295117,37.80572724869748],[-122.44682429339218,37.80569771854837],[-122.44663909801987,37.80572084565861],[-122.44683523345958,37.80567673063851],[-122.44681797691109,37.805651200122206],[-122.44663002934935,37.80567467005405],[-122.4468261955482,37.80562965332121],[-122.44673772619296,37.805617909069],[-122.4468178485629,37.80558618298672],[-122.44680829760217,37.80553643301405],[-122.44672037491104,37.80553682543767],[-122.44680041759244,37.80549539276326],[-122.44670119589573,37.805498924080226],[-122.44679445551638,37.80547187477097],[-122.44677143150565,37.80540577110156],[-122.44598875102024,37.8055050277574],[-122.44600840278174,37.805578832240705],[-122.44655030208597,37.80552855940998],[-122.44650281750387,37.80554997022037],[-122.44650075235573,37.805605548153004],[-122.4464626750432,37.80553983797736],[-122.44645003580742,37.80561243148361],[-122.44643758689644,37.80555468684795],[-122.44640341702456,37.80554746517661],[-122.44640433625948,37.80568646462963],[-122.44637733869607,37.80556124260644],[-122.44633610449607,37.80555612919521],[-122.44633936639816,37.805695282844844],[-122.44631209605492,37.80556879369246],[-122.44627647629405,37.80556380479679],[-122.44627604107467,37.80570387741878],[-122.44624866503047,37.80557690514295],[-122.44614929660493,37.805580173456775],[-122.44614985669473,37.80572100289406],[-122.44612257110408,37.80559444005541],[-122.44608198515246,37.80558883731158],[-122.44608451325573,37.805729871292215],[-122.44605706374577,37.80560255412261],[-122.44601833017684,37.805597029837735],[-122.44602209563557,37.805738343505595],[-122.44599456471286,37.80561064645169],[-122.44594125349026,37.80561673784889],[-122.44595225342707,37.805747228385314],[-122.44592780484902,37.80561964177636],[-122.44587517077855,37.80562457021449],[-122.44588614423326,37.805754921503286],[-122.4458616563218,37.805627130053935],[-122.44581406479047,37.80562332087336],[-122.4458163254293,37.805764873858536],[-122.4457918625595,37.805637209956714],[-122.4457390248024,37.805644682226365],[-122.4457496296622,37.80577311370297],[-122.44572496162023,37.80564437802177],[-122.44568272575783,37.80564022448268],[-122.44568106245259,37.80578410245619],[-122.44563765554773,37.80564602567346],[-122.4455957874606,37.80566067354339],[-122.44562031311604,37.805788665388555],[-122.44556560068044,37.80565529920463],[-122.44551966729232,37.80567267720984],[-122.44554354947293,37.805797314537784],[-122.44548948968857,37.805665095618686],[-122.44545044305418,37.805682127476146],[-122.4454690814629,37.80577939482784],[-122.44543620485437,37.80568090958594],[-122.4453767851315,37.80569381736354],[-122.44539949075744,37.80581231610538],[-122.4453471402024,37.80568341605234],[-122.44530336076721,37.80569734192716],[-122.44532546739595,37.80581270891769],[-122.44527564223908,37.80569261803487],[-122.4452321176062,37.805708639516645],[-122.44525415706536,37.80582365795408],[-122.44520434462945,37.80570179413875],[-122.44516243424978,37.80571522230205],[-122.44518463298112,37.805831078058176],[-122.44513821820262,37.80571030452531],[-122.44509718050668,37.80572253226959],[-122.44511955275163,37.80583929179908],[-122.44507010841026,37.80571907018636],[-122.4450302210518,37.80573081030187],[-122.44505250104376,37.80584708740992],[-122.44500235407172,37.80572779029214],[-122.44489933115742,37.80574939270393],[-122.44492153211324,37.80586526198379],[-122.44487471422636,37.80574421742766],[-122.44483972039133,37.805755923641485],[-122.44486230931328,37.80587381517317],[-122.44481253292719,37.80575222007311],[-122.44477386441254,37.805765395467304],[-122.44479366377058,37.805883729546274],[-122.44474716375983,37.80576063303682],[-122.44470554211155,37.805773119909716],[-122.44472569151864,37.80589354716099],[-122.44467721710363,37.80576965586602],[-122.4446446727044,37.80578138291428],[-122.44466490822353,37.80590232605293],[-122.44461879052402,37.805776905261794],[-122.44457713038595,37.80579009206814],[-122.44459753679496,37.805912056181405],[-122.44454922322012,37.805785537840954],[-122.44450863056406,37.80579967042303],[-122.44452699435072,37.8059002462918],[-122.44448221692882,37.80579385328225],[-122.44444313533654,37.80580708945032],[-122.4444616039021,37.80590824308287],[-122.44441336739389,37.80580239644162],[-122.4443810465585,37.80581520209212],[-122.44439942221126,37.80591584717575],[-122.44435325719733,37.8058098546077],[-122.44431982980923,37.805820527278996],[-122.44433859126488,37.80592328567307],[-122.4442890586738,37.80581782083872],[-122.44425722200954,37.80583050852418],[-122.44427556829699,37.80593099279043],[-122.44422858843994,37.80582532453001],[-122.44419678738514,37.80583867851256],[-122.44421499548486,37.805938399931414],[-122.4441671965906,37.805832942516815],[-122.44413563524759,37.805846689066556],[-122.444153746702,37.80594588938065],[-122.44410912994745,37.80584014697253],[-122.44401474612613,37.805862489385056],[-122.4440326757397,37.80596069416369],[-122.4440005566328,37.805861396688975],[-122.44395886712057,37.80585884850749],[-122.4439683032286,37.80597048084018],[-122.44393623997988,37.805871491546185],[-122.44389365447924,37.805876673429886],[-122.44389846320854,37.805979639330964],[-122.44388019962975,37.805879605161664],[-122.44378247974282,37.80588373019714],[-122.44377422680144,37.80599593166088],[-122.44375687172499,37.80589479923895],[-122.4437153624174,37.805891975833674],[-122.44371014967258,37.80600433446481],[-122.44369286837701,37.80590363069957],[-122.44365436878985,37.80589927606862],[-122.44364781012777,37.806012509428314],[-122.44363046706532,37.80591143897679],[-122.44359279766299,37.80590664526947],[-122.4435864316076,37.806020557671154],[-122.44356903107968,37.80591915470887],[-122.44353521569059,37.80591353684185],[-122.44352912598562,37.806028072832895],[-122.44351165035057,37.80592622770246],[-122.44347249072398,37.805921044856234],[-122.44346819005342,37.80603606325185],[-122.4434505054043,37.80593299950809],[-122.44340827670486,37.805928729680275],[-122.44340548597062,37.80604428645079],[-122.4433690367645,37.80593362643279],[-122.44334090163234,37.805943404125465],[-122.44335906588651,37.80604926096237],[-122.44330890398155,37.805941357503876],[-122.44328199313159,37.80595429630473],[-122.443299552744,37.80605662763811],[-122.44325288170438,37.80594856029236],[-122.44322081895658,37.80596385863973],[-122.4432380446576,37.80606424164436],[-122.44319005120735,37.80595663856231],[-122.44316351469085,37.805971078002614],[-122.44318071891968,37.80607133790121],[-122.44313455646206,37.805963774023006],[-122.44305027081107,37.80598323571103],[-122.44306778722424,37.806085317246726],[-122.44301686103972,37.80597879340946],[-122.44299476470616,37.805981561897404],[-122.44301371769107,37.8060920110026],[-122.44298108595393,37.80598327516439],[-122.44294014865764,37.80599714431481],[-122.44295761808814,37.80609895537183],[-122.44290855417582,37.80599236115644],[-122.44283004640273,37.80601185817501],[-122.44284733340882,37.80611260701254],[-122.44279889092758,37.80600609804596],[-122.44272189810901,37.80602745177601],[-122.44273881380164,37.806126040218146],[-122.44270808004714,37.806028356210795],[-122.44263557570012,37.80602655578375],[-122.4426279233087,37.80613976651938],[-122.44261096903568,37.80604095700019],[-122.44254775479348,37.806018095263866],[-122.44302881386889,37.805957833346206],[-122.44301906843572,37.8058866256368],[-122.44251574507066,37.80595129439599],[-122.44242751317039,37.806050981164546],[-122.44252204950634,37.806507846916936],[-122.44258584415367,37.806578833998024],[-122.443132073683,37.8065130732768],[-122.44311616969338,37.8064427033432],[-122.44261358440363,37.806493960100255],[-122.44266115078179,37.80645872487544],[-122.44264992980952,37.806360113821114],[-122.44268715258556,37.80646707531924],[-122.44271657083216,37.80644906656719],[-122.44270602705144,37.80635641312045],[-122.44272992128684,37.806444223407354],[-122.44276194137652,37.80645944741107],[-122.44275997916235,37.80635091014877],[-122.44280045844911,37.806455519866574],[-122.44287335763246,37.806448085234486],[-122.44286763966385,37.806336842206456],[-122.44291187466969,37.806444156752725],[-122.44293741196908,37.80642468792262],[-122.44292205170169,37.806331292831025],[-122.44296628564751,37.80643860737571],[-122.44299059041064,37.806419265183166],[-122.44297523005389,37.80632586919753],[-122.44301946407336,37.80643318372246],[-122.44304857663218,37.806413350452004],[-122.44303321622729,37.80631995537463],[-122.44307745032702,37.80642726987792],[-122.44310771158116,37.80640731943437],[-122.4430923522386,37.80631392434596],[-122.44313658639663,37.80642123792633],[-122.44316583866053,37.80640344538313],[-122.44315025254444,37.806308679681706],[-122.44317959550469,37.80640219583724],[-122.44321514411261,37.806413225897245],[-122.44320856140254,37.80630159878694],[-122.44324821097757,37.80640985393693],[-122.4433300777089,37.80640150342436],[-122.44332562461759,37.80628931311282],[-122.44336586340954,37.80639785411637],[-122.44344636392633,37.806389644094736],[-122.4434388053712,37.80627850260592],[-122.44346897380349,37.80637494396147],[-122.44350543990197,37.806383618354765],[-122.44349648597486,37.80627237369251],[-122.4435380263977,37.80638029478372],[-122.44357002182744,37.80636493708097],[-122.44355915999408,37.806266162460275],[-122.44359801658759,37.80637417642652],[-122.44367684494829,37.80636613619634],[-122.44367161585672,37.80625348103263],[-122.44370868263606,37.80636288980648],[-122.4437955700707,37.80635402724308],[-122.44379244872879,37.80624019099389],[-122.44383099093312,37.806350414447785],[-122.44386812077359,37.80633519914362],[-122.44385345956952,37.806234015127494],[-122.44389634285339,37.80634374884591],[-122.44392772513301,37.80633031173102],[-122.44391304604588,37.80622901175867],[-122.44395584471775,37.80633767981062],[-122.44399085883637,37.806322394799814],[-122.44397659384774,37.80622394216243],[-122.44403117135349,37.80632999626578],[-122.44403639264891,37.8062166371277],[-122.44407725303175,37.80632406547183],[-122.44411370367271,37.806307336426016],[-122.44409999323962,37.80621271654756],[-122.44412731371168,37.80630507982591],[-122.44416429486016,37.80631286053072],[-122.44416714833919,37.806196925084436],[-122.44419804045256,37.806308517317724],[-122.44423263199872,37.80629193243546],[-122.44421625278669,37.80620046125694],[-122.4442460887079,37.806288982609644],[-122.44429488449691,37.80628589178208],[-122.44427659195267,37.80618373397865],[-122.44432074100958,37.80629272300884],[-122.4444172582099,37.80627162852072],[-122.44439848520211,37.80616678852149],[-122.44444332489995,37.806276943112],[-122.4445457097752,37.80625193782441],[-122.44452804898977,37.80615201276678],[-122.44457176829054,37.80626040948589],[-122.44466512232908,37.8062483917374],[-122.4446547762525,37.806143603876976],[-122.44469894710386,37.80624403806219],[-122.4447373310554,37.80622801143312],[-122.4447247227055,37.806135557089135],[-122.44476538418417,37.806235485858885],[-122.44479164605961,37.80622054319899],[-122.44477920827747,37.80615016947386],[-122.44481979879235,37.80622848099734],[-122.44489321409476,37.806209501017875],[-122.44488060424341,37.80613815592355],[-122.44491976964957,37.806215612229174],[-122.44499465677418,37.80619579952161],[-122.44498183869743,37.806123273670984],[-122.44502100610262,37.80620258011087],[-122.4450930931945,37.80619330008318],[-122.44508798987407,37.80611175649519],[-122.44512730395213,37.80618889665992],[-122.44520258454097,37.80617920520955],[-122.4451982434299,37.80609615032797],[-122.44522435901038,37.80616480329619],[-122.44525774511285,37.806172104928905],[-122.44525325635826,37.80608662550523],[-122.44528485332073,37.80616861528668],[-122.44531864429199,37.806154390956564],[-122.44530610611532,37.80608345567334],[-122.44533168835073,37.80614909022777],[-122.44536614055593,37.806158150543965],[-122.44536138778948,37.806071053285855],[-122.44540000938686,37.80615379053236],[-122.44543352418088,37.80613717709124],[-122.44542125532641,37.806067767642574],[-122.44545885362253,37.80614621573437],[-122.44549032580512,37.806129070908355],[-122.4454791183752,37.80606566498863],[-122.44550429540463,37.80612900808825],[-122.4455430637745,37.80613537460951],[-122.44555076544367,37.80605758875326],[-122.44558952048496,37.806230536501474],[-122.44554528751009,37.80615456449688],[-122.44551524916464,37.80616920913901],[-122.44551712435472,37.806240332921206],[-122.4455018507863,37.8061721716669],[-122.44546617609004,37.80616474834008],[-122.44545866485659,37.806248244764184],[-122.44543139596544,37.80616922614196],[-122.44535286640183,37.8061793354229],[-122.4453439291351,37.80626377099649],[-122.44531623985804,37.8061840500261],[-122.44524450035094,37.8061932857053],[-122.44523255727427,37.8062788423937],[-122.44522010274667,37.806207152306534],[-122.44518849637919,37.80620049451801],[-122.4451742255892,37.80628673576452],[-122.44513490595496,37.80620739313181],[-122.44512456169659,37.80629345605667],[-122.44511200032004,37.80622115219085],[-122.44503056542484,37.806220825312586],[-122.44501994697119,37.80630761282079],[-122.44500765993753,37.80623688876104],[-122.44497895947111,37.80622746852572],[-122.44496778728933,37.80631467070787],[-122.4449403993305,37.806232432093395],[-122.44491457107203,37.80631864400572],[-122.44490261839101,37.80624983942298],[-122.44482403399942,37.806247411519266],[-122.44481234223483,37.80633204386909],[-122.44478474820382,37.80625246901281],[-122.44472238878008,37.80626049616938],[-122.44471060855122,37.806343620426894],[-122.44469954705336,37.80627995068676],[-122.44462043221426,37.806273621012394],[-122.4446089386533,37.80635850060798],[-122.44459687812,37.806289080443925],[-122.44451912879508,37.806286661097936],[-122.44451216159861,37.80640766614138],[-122.44449377198909,37.806301814978596],[-122.44438651258372,37.80630373209527],[-122.44437945246108,37.806427312535],[-122.44436125670943,37.806322567557174],[-122.44432525343684,37.80631161743349],[-122.44431686886004,37.80644270431078],[-122.44429732647333,37.806330212133176],[-122.44425539290371,37.806320610644676],[-122.44425191426679,37.80644745481681],[-122.44423279589734,37.80633740064187],[-122.44412659611243,37.80633718850125],[-122.44412750588104,37.80646002651214],[-122.44408558155828,37.806342468019885],[-122.44395449641014,37.80635719986548],[-122.44397579381913,37.80643232213644],[-122.4440153864999,37.80645377095766],[-122.44398440146294,37.80645765405396],[-122.44399327080319,37.80652473323902],[-122.4441258806566,37.80651009067596],[-122.44399780286822,37.8065465058376],[-122.44401244027912,37.80657242058246],[-122.44413514103404,37.806558871403695],[-122.44401382849077,37.80658335830098],[-122.44402717435192,37.806618553437026],[-122.44414608401026,37.806616513998115],[-122.44402768364988,37.80662958765381],[-122.44401686994343,37.80665626078169],[-122.44415478175434,37.80666232998244],[-122.44403254066876,37.806675828343174],[-122.44402588997556,37.806708184416294],[-122.44416494347668,37.80671585968177],[-122.44404329354067,37.806729293332815],[-122.4440356376923,37.80676429933098],[-122.44417647015776,37.80677657481222],[-122.44390299627862,37.80680903213565],[-122.44401234859154,37.806769457867794],[-122.4438937825769,37.80676020736617],[-122.44400443669117,37.80672744918046],[-122.44388594181426,37.80671865712002],[-122.44399625456253,37.80668401291284],[-122.44387993297876,37.80666612148514],[-122.44398717630678,37.806635807755875],[-122.44386825957992,37.806624954340634],[-122.44397885164425,37.80659161230777],[-122.4438604597038,37.80658361971037],[-122.44397203212124,37.80655540206601],[-122.44385228530658,37.80654030136526],[-122.44397605863298,37.80652663463801],[-122.4439735232657,37.806484596804594],[-122.44396729223205,37.80645979888621],[-122.44385532020146,37.80647383345399],[-122.44386077778749,37.806499894113806],[-122.4435781611003,37.80655444061934],[-122.44363774871893,37.80686432887177],[-122.443621261689,37.80693610403039],[-122.44360675239416,37.806877636977504],[-122.44352976273862,37.80689866042163],[-122.44351349475657,37.80696947846573],[-122.44350161905491,37.80690634566059],[-122.44342502633435,37.80692726065659],[-122.44340907236422,37.80699671357351],[-122.44340848197001,37.80693801443388],[-122.44331784472273,37.806956528335164],[-122.44330176518727,37.807026525836974],[-122.44330118214168,37.80696780044216],[-122.44321216417107,37.80698538636272],[-122.44319588976218,37.807056231498926],[-122.44318090196414,37.80699392228616],[-122.44310435869036,37.80701482363886],[-122.44308880700422,37.80708498995036],[-122.44307579197398,37.8070226238904],[-122.44299826065777,37.80704379469365],[-122.44298238371252,37.80711290831912],[-122.44298161428894,37.80705499438978],[-122.44289578851718,37.807071775862916],[-122.44286731577382,37.807143587034936],[-122.4428314120898,37.806993820407186],[-122.44288670904352,37.80705392453557],[-122.44295007714034,37.807036620844634],[-122.4429458086038,37.80696423063851],[-122.44298978792787,37.80702577746727],[-122.44304539092103,37.8070105951441],[-122.44304092408093,37.80694030984421],[-122.44308150615565,37.80700073291776],[-122.44313814217897,37.80698526767151],[-122.44313936288802,37.806926492731904],[-122.44317621868629,37.80697487022269],[-122.4432308550295,37.80695995067103],[-122.44323159167462,37.80690151895758],[-122.44326708751775,37.806950056714854],[-122.44332219753083,37.80693500855248],[-122.44332349797166,37.80687798335849],[-122.44335656118929,37.80692562480965],[-122.4434161395832,37.806909355723775],[-122.44341464305668,37.80685374917023],[-122.44344748179827,37.80690079769039],[-122.44350752030414,37.80688440291615],[-122.4435084572486,37.80682742606463],[-122.4435420372918,37.806874976938126],[-122.44361153143933,37.80685600111063],[-122.44356849984068,37.80664262619753],[-122.44349862749782,37.80665287544433],[-122.44349571670776,37.80670969106331],[-122.4434649722079,37.806657811768765],[-122.44345313241854,37.80671433112736],[-122.44343369087638,37.80666239984648],[-122.44340168309564,37.806667094514296],[-122.44339927410847,37.80672260140472],[-122.44337048435693,37.80667167039959],[-122.4433080235218,37.80668083220124],[-122.44330750175168,37.80673740297013],[-122.44327475519005,37.806685711626706],[-122.4432131938792,37.80669474049657],[-122.4432100138139,37.806752299539056],[-122.44317907575572,37.80669974474634],[-122.44311555575352,37.80670906178273],[-122.44311264574063,37.80676522399189],[-122.44308406390321,37.806713680272026],[-122.44302075435294,37.80672296675319],[-122.44301896565827,37.806792854040495],[-122.44298561668033,37.80672812022262],[-122.44292524558132,37.80673644981494],[-122.44292320714082,37.80680673684775],[-122.44288845282517,37.80674107897692],[-122.44282106351677,37.80675797574407],[-122.44282759615409,37.806819140052056],[-122.44279333029256,37.80675304603012],[-122.44273183277825,37.80676078395479],[-122.44272827469052,37.806831605200934],[-122.4426959604327,37.80676529695835],[-122.44267049088329,37.80677724756753],[-122.4426767017157,37.80683540801988],[-122.44262332360763,37.80677443586022],[-122.44261892388023,37.806845219595125],[-122.44255812690973,37.806846221009565],[-122.44254306470087,37.80676784876113],[-122.44289572109446,37.80672175521126],[-122.44288399992689,37.806645364708324],[-122.4425497899224,37.80671648038914],[-122.4425070670403,37.80675103287371],[-122.44249767953993,37.80683709777388],[-122.4425531541729,37.80707044541029],[-122.44246991698469,37.8071331144391],[-122.44240249901867,37.807126053488666],[-122.44236228720719,37.807081891052235],[-122.4423232439062,37.80683691469339],[-122.44226396759451,37.806774862525735],[-122.44233460809484,37.80719182760031],[-122.44257469830274,37.807154913061595],[-122.44257989275499,37.80718208930497],[-122.44231593913341,37.80722267278515],[-122.44229652392704,37.80712001322089],[-122.44224960249754,37.80713020997811],[-122.44220764735614,37.80724870072594],[-122.44221840888599,37.80713698894388],[-122.44217715427502,37.807145965828546],[-122.44213540055283,37.807263867440604],[-122.44214186601337,37.80715362239774],[-122.4421106813946,37.807160398482935],[-122.44206926129158,37.80727737984076],[-122.44207383477489,37.80716840603257],[-122.44195161276235,37.80719496683689],[-122.44190881937051,37.80731582344609],[-122.4419163473507,37.807202630171204],[-122.44183023998306,37.80722134139808],[-122.44180017756916,37.80730624430239],[-122.4417963615377,37.807228703383934],[-122.44171380292612,37.80724664413461],[-122.44168454314371,37.807329277146295],[-122.44167874077738,37.80725426349579],[-122.441590918774,37.80727334794076],[-122.44156189370563,37.807355319167186],[-122.44155940539625,37.80728019598078],[-122.44152905875721,37.807286790488654],[-122.44150159597058,37.80736435066108],[-122.44149308846636,37.80729460678985],[-122.4414589968849,37.8073020086855],[-122.44142989250211,37.80738418891242],[-122.44142502763755,37.80730939774276],[-122.44134713355899,37.80732632418342],[-122.44132271161108,37.80739529342845],[-122.4413182517962,37.807332599825564],[-122.44124165995704,37.80734924340742],[-122.44121690046609,37.80741916536277],[-122.44120849184162,37.80735645113812],[-122.44112894864382,37.80737373622441],[-122.44110455931994,37.80744261476149],[-122.44109435734144,37.8073812521311],[-122.44100834446238,37.80739994317104],[-122.44098908684093,37.807468251469174],[-122.44095957415891,37.80731193365994],[-122.44100716553976,37.807380267393405],[-122.44108851029561,37.8073625913509],[-122.44107137875007,37.80728256592753],[-122.4411221189242,37.80735528808468],[-122.44119871079639,37.80733864458052],[-122.44118162041961,37.807257287396716],[-122.44123528201713,37.807330697715805],[-122.44131162584644,37.807302789411025],[-122.44128960479372,37.80723504156057],[-122.44133640937055,37.807308722416956],[-122.44141153833348,37.807283443065394],[-122.44138893277812,37.80721389250736],[-122.44143988933787,37.80728623516396],[-122.44150490739099,37.8072721071199],[-122.44148878789952,37.80719083763135],[-122.44153819853905,37.80726487204508],[-122.44161138373721,37.80724896837508],[-122.44159922577938,37.80718271373463],[-122.44164376792035,37.80724193114849],[-122.44171473480912,37.807226510036465],[-122.44170494309478,37.80716004882111],[-122.44175039895228,37.807218759989844],[-122.44181482727141,37.80720475864056],[-122.44180525007552,37.807138381317806],[-122.4418487068394,37.80719739663067],[-122.44191239193985,37.80718355706648],[-122.44190098290595,37.807116979200856],[-122.44194330098627,37.80717684054596],[-122.44201102455132,37.80715246499862],[-122.44199312516206,37.80709740161209],[-122.44203799558935,37.80715626200227],[-122.4421024619714,37.80713030252615],[-122.44208557898303,37.80707835954982],[-122.44212954005506,37.80713636791046],[-122.44219504364479,37.80711575624484],[-122.4421768240661,37.807059704114685],[-122.44222154871684,37.807116374178186],[-122.4422929016215,37.80710086795118],[-122.4422429555705,37.80683680221426],[-122.44216690796853,37.806845478803766],[-122.44216812206268,37.80691142696298],[-122.4421369079536,37.80684890179042],[-122.4420724469536,37.806856255586204],[-122.44207187145665,37.80692444299724],[-122.44203882858079,37.806860091408346],[-122.44196829459968,37.80687645727965],[-122.44197629606495,37.80693513441119],[-122.44194274124861,37.806871053480585],[-122.44188203672604,37.806877978522444],[-122.44188128207284,37.80694700971431],[-122.44184676033248,37.8068820029073],[-122.44178616112461,37.80688891625217],[-122.44178386157058,37.80695968428812],[-122.44175017580088,37.80689302257515],[-122.44168436815522,37.806900529005496],[-122.44168058297157,37.806972303822704],[-122.44164597622995,37.806904909234504],[-122.44157302360937,37.80691323167588],[-122.44157059339038,37.806982963653745],[-122.44153950931151,37.80691705302443],[-122.44146554766763,37.806925492946206],[-122.44146908824597,37.8070096281028],[-122.44144313562688,37.80693917916424],[-122.44136499441036,37.80694051504385],[-122.44137018148444,37.80702463391294],[-122.44134478870086,37.8069574768946],[-122.44131205495076,37.806948753014154],[-122.44131800117451,37.80703128135844],[-122.44129282579546,37.80696539957717],[-122.44126020829174,37.806956820667246],[-122.44126490150566,37.80704104049304],[-122.44122471520988,37.806961856892656],[-122.44115125658944,37.80697216106396],[-122.44115546070002,37.80705683774784],[-122.44111588536678,37.80697712315338],[-122.44103824723744,37.80698801424331],[-122.44104225521286,37.807070885415726],[-122.44100342939541,37.80699289779742],[-122.44092266082735,37.807004226953076],[-122.44091213434885,37.80708190298979],[-122.44089623444746,37.80698841202533],[-122.44143629679728,37.806909829175346],[-122.44143220405932,37.806882502272614],[-122.44013457149974,37.80701655516888],[-122.4395384035342,37.80711588147393],[-122.43796116501578,37.807297497144646],[-122.43714616906743,37.8074120830124],[-122.4365636173416,37.807531929102154],[-122.43582909619161,37.80756989052363],[-122.43585934703896,37.80769189526438],[-122.43392475417056,37.80794500855795],[-122.433810559817,37.807907105917565],[-122.4336469142763,37.808183724981646],[-122.43290573942474,37.807926716810606],[-122.43297815913395,37.80792922397407],[-122.43364184678873,37.808172900663465],[-122.43380097172002,37.80790392322906],[-122.43376458603986,37.807873984870135],[-122.43393327935709,37.80792997528874],[-122.43583892009282,37.807680650840425],[-122.43583375754302,37.80765983189227],[-122.43391698477149,37.80790398198598],[-122.43389484870745,37.807793759602795],[-122.43392816534511,37.80788588340175],[-122.43404021268053,37.807871717404],[-122.43402867656899,37.80777684103629],[-122.43406988681274,37.8078679656812],[-122.43416046256459,37.80785651556492],[-122.43416259832682,37.80775990996245],[-122.4341901366846,37.80785276381185],[-122.43428475987862,37.80784080111994],[-122.43428689661408,37.807744195496326],[-122.43431443285073,37.80783704935422],[-122.43440762947029,37.8078252667718],[-122.43439609176099,37.80773039045776],[-122.43443730358881,37.80782151585743],[-122.43452158775115,37.807810859888676],[-122.43451005101039,37.807715982666174],[-122.43455126183471,37.807807108044805],[-122.4346362331869,37.80779636501962],[-122.43462469632536,37.807701488708794],[-122.43466590725883,37.80779261314682],[-122.4347507167071,37.80778189161997],[-122.43473917967816,37.80768701441928],[-122.43478038963214,37.80777813973706],[-122.43487089268638,37.80776669747365],[-122.43487302865708,37.80767009183808],[-122.43490056673463,37.807762945541874],[-122.4349755421163,37.80775346664784],[-122.43497787267731,37.80765683618624],[-122.43500560449621,37.80774966596112],[-122.43508538020676,37.80773957922484],[-122.43507423902274,37.80764465229609],[-122.43511584901351,37.807735726780585],[-122.43519230974778,37.8077260602564],[-122.43519504080977,37.8076293790541],[-122.43522317592175,37.807722157104465],[-122.4353022258656,37.80771216233756],[-122.43529148635106,37.80761718557487],[-122.43533349962468,37.807708208308746],[-122.43540239290206,37.80769949764871],[-122.43539183779262,37.807604497138755],[-122.43543403800788,37.80769549694449],[-122.43550853774373,37.80768607778544],[-122.43549817947412,37.80759105152177],[-122.43554057680966,37.80768202642749],[-122.43560911114729,37.80767336119002],[-122.43559893844098,37.80757831206071],[-122.43564152269488,37.807669263136546],[-122.43571065140735,37.807660523197136],[-122.43571434073385,37.80756372080036],[-122.43573532677911,37.80765879341301],[-122.43583041524577,37.80764635230284],[-122.43581224096427,37.80757216697995],[-122.43572388116525,37.807528871934466],[-122.43565888827207,37.80726096646763],[-122.43563531851058,37.80726688856986],[-122.43565408144104,37.80736109016198],[-122.43560894533887,37.807270195388845],[-122.43554392832178,37.80727834689327],[-122.43553631792685,37.80737585530242],[-122.43550485878328,37.807283245421274],[-122.43544283072957,37.807291022478125],[-122.43543522020055,37.80738853088052],[-122.43540376004232,37.80729592099126],[-122.43534208520354,37.807303653446105],[-122.43534815027746,37.80739944771619],[-122.43530301450302,37.80730855192584],[-122.43523568890589,37.80731699348214],[-122.43524175495563,37.80741278683805],[-122.43519661819131,37.80732189192665],[-122.43512828717255,37.8073304589659],[-122.43513435197283,37.80742625324652],[-122.43508921644381,37.807335357374804],[-122.4350198528467,37.807344053944924],[-122.4350122417568,37.80744156231905],[-122.43498078323914,37.80734895229928],[-122.43491098484226,37.807357702801795],[-122.43490337363149,37.80745521206945],[-122.43487191410836,37.80736260203951],[-122.43479861156304,37.807371792078875],[-122.43479100017974,37.807469300438235],[-122.4347595419263,37.80737669035993],[-122.43469085754633,37.80738530079191],[-122.4346832460437,37.80748281004487],[-122.43465178678345,37.80739019995669],[-122.4345758484256,37.807399719680944],[-122.43458191251891,37.80749551398873],[-122.43453677762398,37.807404617906805],[-122.43446246848423,37.8074139341953],[-122.43445485667863,37.807511443433],[-122.43442339766763,37.80741883238352],[-122.43434925268723,37.80742812878461],[-122.43435531646696,37.80752392220264],[-122.43431018183225,37.807433026034495],[-122.43423125557075,37.807442921681286],[-122.43422364343509,37.80754043000273],[-122.43419218472367,37.80744781979289],[-122.43411130082886,37.8074579592498],[-122.4341036885576,37.80755546846402],[-122.43407223112479,37.807462858203905],[-122.43399305793847,37.80747278297354],[-122.43399912242121,37.80756857729134],[-122.43395398819531,37.80747768098767],[-122.4338694348251,37.80748828149046],[-122.43386182334501,37.80758578976902],[-122.43383036506575,37.80749317946357],[-122.43374452433962,37.80750394067323],[-122.43373691269389,37.80760144894358],[-122.4337054545637,37.807508838604996],[-122.43360560853786,37.80752135509906],[-122.43359894437019,37.80761874508463],[-122.43356097667761,37.807428095542015],[-122.43360228836757,37.807505089435345],[-122.43367810693331,37.80749558492297],[-122.43367380996094,37.807413950340475],[-122.4337151217601,37.80749094419449],[-122.43379553813605,37.807480863144676],[-122.43379124105887,37.807399229467045],[-122.43383255294819,37.80747622237936],[-122.43391112494857,37.80746637246337],[-122.43390682774515,37.80738473878972],[-122.43394813976964,37.80746173256255],[-122.4340258025664,37.80745199571128],[-122.43402150523774,37.80737036204161],[-122.43406281737312,37.80744735577447],[-122.43413468217896,37.807438345683735],[-122.4341303847314,37.80735671201782],[-122.43417169810745,37.807433705694145],[-122.43424558385891,37.80742444249559],[-122.43424128629019,37.80734280883349],[-122.43428259863815,37.80741980248979],[-122.43435253074621,37.80741103484763],[-122.43434823306073,37.8073294011893],[-122.43438954551222,37.807406394808325],[-122.43446223108349,37.80739728183436],[-122.43445793327818,37.807315648179745],[-122.43449924583568,37.80739264176056],[-122.43457248726754,37.80738345831794],[-122.43456818936528,37.80730182556801],[-122.43460950200603,37.80737881820953],[-122.43468227585015,37.80736969463891],[-122.43467797778094,37.80728806009108],[-122.43471929055136,37.80736505359521],[-122.43478406884545,37.807356932599724],[-122.434779771824,37.80727529893767],[-122.43482108355742,37.80735229242496],[-122.43488477829966,37.807344306307854],[-122.43488048003285,37.807262672667896],[-122.43492179297564,37.807339665200665],[-122.43498850275375,37.807331302420444],[-122.43498420548555,37.80724966786455],[-122.43502551855205,37.80732666126198],[-122.4350917810669,37.807318353525744],[-122.43508748257402,37.80723671989287],[-122.43512879460502,37.80731371327295],[-122.43519321162555,37.807305636731286],[-122.43518891302188,37.80722400310198],[-122.43523022626289,37.8073009955272],[-122.43529620567952,37.80729272296202],[-122.43529190698685,37.807211090237],[-122.43533322032744,37.80728808262642],[-122.43539860646085,37.80727988462667],[-122.43539430763283,37.80719825100438],[-122.43543562109598,37.80727524425892],[-122.43545985363146,37.807256532990166],[-122.43544693053532,37.80719165299988],[-122.43548824404944,37.807268646236075],[-122.43549555003919,37.807185557761784],[-122.43553686357677,37.807262550080175],[-122.43560193832201,37.80725439132347],[-122.4355976392718,37.807172757708194],[-122.43562728345526,37.807251213129184],[-122.4356560769312,37.807247416876145],[-122.43558017566671,37.80690488682423],[-122.4355553092896,37.80690742810505],[-122.43557272221925,37.80699420873243],[-122.43553339742739,37.80690966765085],[-122.43545998586964,37.80694341260771],[-122.43547271204983,37.80700684036806],[-122.43542559490193,37.806929302504194],[-122.43535527051478,37.80695663865877],[-122.43536799774316,37.807020066411624],[-122.43532087953744,37.80694252762402],[-122.43526614885701,37.80694944044051],[-122.43526538014711,37.80703302724499],[-122.43521826317573,37.80695548839787],[-122.43516416081404,37.80696232146314],[-122.43514971780111,37.80704763586488],[-122.43511627511614,37.806968369379085],[-122.43506166328581,37.806975267532984],[-122.43504722126447,37.807060581002546],[-122.43503449430308,37.80699715321549],[-122.43496042466917,37.8069880540714],[-122.43495965561475,37.80707164087335],[-122.4349125389381,37.806994101904685],[-122.43484431220855,37.80702117352549],[-122.43485703787614,37.80708460135134],[-122.43480992129845,37.80700706234186],[-122.43475506938725,37.80701399042665],[-122.43474062700614,37.80709930385803],[-122.43472790143554,37.807035876019796],[-122.43465158330629,37.80702705959947],[-122.43465081392723,37.8071106472996],[-122.43460369754825,37.80703310820813],[-122.43454773718811,37.80704017514129],[-122.43453329345176,37.80712548946631],[-122.43452056805371,37.807062061605954],[-122.43444089422105,37.807053669591006],[-122.43442645147123,37.80713898298324],[-122.43439300840535,37.80705971721329],[-122.43432082565054,37.80708728779869],[-122.4343335508822,37.80715071568022],[-122.43428643367386,37.80707317648122],[-122.43422277118728,37.80708121672343],[-122.43422200130145,37.80716480351912],[-122.43417488535941,37.80708726515802],[-122.43410936496036,37.80709553948297],[-122.43410859494682,37.807179126277696],[-122.43406147909063,37.807101586970624],[-122.43400959442988,37.80710813980637],[-122.43399515117399,37.80719345314492],[-122.4339617085439,37.80711418725346],[-122.43389444911973,37.80712268193389],[-122.43389367884043,37.80720626782599],[-122.43384656321503,37.807128729334266],[-122.43378005324145,37.80713712874836],[-122.43376560858061,37.807222442076956],[-122.43373216731798,37.80714317610222],[-122.43366676570896,37.807151435614955],[-122.43365232205063,37.807236748910896],[-122.43361887976715,37.80715748292286],[-122.433553719293,37.807165712283755],[-122.43353927436662,37.80725102558417],[-122.43350583219738,37.8071717595643],[-122.43344031164922,37.80718003351762],[-122.43343954088155,37.80726362030659],[-122.43339242567052,37.807186080733494],[-122.43332702398583,37.807194340057805],[-122.43332625422592,37.807277926827254],[-122.43327913912404,37.80720038720905],[-122.43321349738922,37.8072086765402],[-122.43319905322242,37.807293990680535],[-122.43316561139702,37.80721472456483],[-122.43307800904618,37.80722578723736],[-122.43308082682711,37.80730892046576],[-122.43304482884318,37.807131216878545],[-122.43307471388975,37.80720951754511],[-122.43316278607682,37.80719839580421],[-122.4331755143962,37.80711471305361],[-122.4332066857314,37.80719285201539],[-122.43327730103495,37.80718393412183],[-122.43327635611658,37.807101978720986],[-122.43332120178447,37.80717838937097],[-122.43338165819037,37.807170755452944],[-122.43339438625844,37.80708707267831],[-122.4334255578124,37.80716521158265],[-122.43348775204092,37.807157357161785],[-122.43350047998712,37.8070736743755],[-122.43353165164709,37.80715181325208],[-122.4336019690163,37.807127577592645],[-122.43358891424485,37.8070625067231],[-122.4336337602341,37.807138918155694],[-122.43370111014232,37.807115056427754],[-122.43368805644522,37.80704998645122],[-122.43373290139338,37.807126397864934],[-122.43379683455825,37.807118323710355],[-122.43380956214942,37.80703464089011],[-122.43384073411826,37.80711277968548],[-122.43384662795755,37.80702996052785],[-122.43390056091789,37.80710522431576],[-122.43391328838992,37.80702154148404],[-122.4339444604624,37.807099680252264],[-122.43401582622373,37.80709066759688],[-122.43401487933244,37.807008711318275],[-122.43405972575104,37.80708512349048],[-122.43441897813987,37.80703975111372],[-122.43441616740412,37.80699495906506],[-122.43424959104736,37.80700323902969],[-122.43415464897028,37.80696407380748],[-122.43404902788063,37.80673220560719],[-122.4339746606806,37.806764559408784],[-122.43398537677635,37.8068187224378],[-122.43393998559638,37.80675269666075],[-122.43386752660074,37.80676172089384],[-122.43386349570522,37.80683390221007],[-122.43381810462435,37.806767876386324],[-122.43374378882278,37.80679331237269],[-122.43375450475429,37.80684747542238],[-122.43370911489748,37.80678144953831],[-122.43365316797988,37.80678841759622],[-122.43363545751019,37.806862302079416],[-122.43360374594448,37.80679457209806],[-122.43355497154096,37.80680064656763],[-122.43353726210611,37.80687453101731],[-122.43352654517034,37.80682036706594],[-122.43344960253349,37.806813768989706],[-122.43344557009358,37.80688595030958],[-122.43340018046442,37.80681992340621],[-122.43333979195744,37.80684336984259],[-122.43333682824702,37.806899236969294],[-122.43332611258926,37.80684507298129],[-122.43325929852867,37.80683746881152],[-122.43324158765544,37.806911353234916],[-122.43320987642798,37.80684362314828],[-122.43315768722022,37.806850122925695],[-122.43313997624287,37.806924007333556],[-122.43312926186051,37.806869843309386],[-122.43305637702483,37.80686273867124],[-122.43303866710257,37.80693662394607],[-122.43300695491403,37.80686889382382],[-122.4329281122866,37.806878712435015],[-122.43292827303154,37.806950370791505],[-122.43289756697634,37.80679515314976],[-122.43292489190358,37.80686243340189],[-122.43300554492424,37.80685238955622],[-122.43300669499138,37.80678156316326],[-122.4330488157464,37.80684700122498],[-122.43311142129195,37.80683920424288],[-122.43311257125778,37.80676837784873],[-122.43315469209873,37.80683381587279],[-122.43321316960099,37.80682653350335],[-122.43321431946954,37.806755707108],[-122.43325644036955,37.80682114419501],[-122.43331607158358,37.80681371849464],[-122.43331722021836,37.80674289211676],[-122.43335934122521,37.80680833006799],[-122.43341622907198,37.80680124578877],[-122.43341737645228,37.80673041852754],[-122.43345949867569,37.80679585642454],[-122.43351689372969,37.80678870880715],[-122.43351804103713,37.80671788244568],[-122.43356016334216,37.80678332030687],[-122.43361140029825,37.80677693960221],[-122.43361254865071,37.806706113220955],[-122.43365466987353,37.80677155016637],[-122.43370786780442,37.80676492548239],[-122.43370901606471,37.80669409910004],[-122.43375113850107,37.80675953599254],[-122.43380974747406,37.80673637356485],[-122.4337991634631,37.80668287164972],[-122.43384128486065,37.80674830942965],[-122.4338962116257,37.806741468859244],[-122.43389735970594,37.806670642474764],[-122.43393948118309,37.80673608021977],[-122.43400786483038,37.80672588720662],[-122.43399454030775,37.806658538919656],[-122.43402156523727,37.80672429539383],[-122.43404770334615,37.80672125773937],[-122.43399278721122,37.80643387854391],[-122.4339647047285,37.80643648574935],[-122.43396213199041,37.80650346207858],[-122.43395241542255,37.80644637353267],[-122.43388572703898,37.80644253654225],[-122.43386849838724,37.80651571923413],[-122.43385878302514,37.80645863066194],[-122.4337910044922,37.80645493586134],[-122.43377377460888,37.80652811855773],[-122.43376405934143,37.806471030878754],[-122.43369500840018,37.80646750198178],[-122.43367777841921,37.80654068466399],[-122.43366806320046,37.80648359607637],[-122.43359646749433,37.806480400838794],[-122.43357923741334,37.80655358350652],[-122.43356952226867,37.80649649491097],[-122.43350392400428,37.806492515464065],[-122.43348669380572,37.80656569721729],[-122.43347697761871,37.80650860953369],[-122.43340411065236,37.80650558101724],[-122.43338687921711,37.80657876277425],[-122.43337716421703,37.806521674163136],[-122.43330538625153,37.8065185033655],[-122.43328815587483,37.806591685990185],[-122.43327843981362,37.806534597389685],[-122.43320684521042,37.80653140189697],[-122.43318961473359,37.80660458450707],[-122.43317989874646,37.806547495898606],[-122.43309903065605,37.80654551488065],[-122.43308180004622,37.806618696574006],[-122.43307208414015,37.806561607956816],[-122.43299085038433,37.80655967431394],[-122.43297361968804,37.80663285689204],[-122.4329639038633,37.806575768266086],[-122.43288552506539,37.80657346151831],[-122.43286829423855,37.806646643180024],[-122.4328418984359,37.80649153151602],[-122.43287699438591,37.806557876933624],[-122.4329498024527,37.80654834651078],[-122.43296289760067,37.80647569403945],[-122.43298432337136,37.80654382798772],[-122.43305607639157,37.80653443645507],[-122.4330544341498,37.80646525728321],[-122.4330879868471,37.80653025899077],[-122.4331607065806,37.80652074069924],[-122.43317380262923,37.80644808728478],[-122.4331952285856,37.80651622119502],[-122.43326015434322,37.80650772280198],[-122.4332732491569,37.80643506939484],[-122.43329467635958,37.80650320416937],[-122.43335760635794,37.806494967346765],[-122.43337070107395,37.80642231392862],[-122.433392127227,37.8064904487043],[-122.43345415042981,37.80648232943382],[-122.43346724618456,37.80640967598618],[-122.43348867242256,37.80647781074447],[-122.43355250912808,37.8064694553125],[-122.43355193343277,37.806398591405504],[-122.43358702994983,37.80646493571218],[-122.43364868748166,37.80645686469101],[-122.43364811169468,37.806386000784336],[-122.43368320945065,37.80645234594473],[-122.43374559031737,37.806444180100975],[-122.43375868464484,37.8063715266391],[-122.43378011227463,37.806439661326316],[-122.43384285877181,37.806431447979676],[-122.43385595300178,37.80635879450689],[-122.43387737958177,37.806426929195155],[-122.43393196309327,37.80641978421438],[-122.433945057234,37.80634713073147],[-122.43395770345202,37.80642607436733],[-122.43399077633352,37.80642300681775],[-122.43393959363095,37.80612928129135],[-122.4339006869841,37.80613300054044],[-122.43389394994863,37.8061990556229],[-122.43388653207859,37.80614286754088],[-122.43382012991417,37.80613827781581],[-122.4338172217286,37.80620947462687],[-122.43379603290771,37.806154431583984],[-122.4337263408562,37.8061502625449],[-122.43372343369212,37.806221458434],[-122.43370224491386,37.80616641447359],[-122.4336302524381,37.80616253994223],[-122.4336273440695,37.80623373674821],[-122.43360615649433,37.806178692752056],[-122.43353416287633,37.80617481818067],[-122.43353125552701,37.80624601406472],[-122.43349277766384,37.8061801054894],[-122.43343676341743,37.806187262910335],[-122.43343385486234,37.80625845971122],[-122.4333953770791,37.80619255110438],[-122.4333395235697,37.80619968781943],[-122.43333661489743,37.80627088371695],[-122.43329813835287,37.80620497596065],[-122.43324093647256,37.80621228433396],[-122.4332380288407,37.80628348021026],[-122.43319955124177,37.806217572440566],[-122.4331405877928,37.806225106105316],[-122.43313768006418,37.80629630197897],[-122.43309920254765,37.806230394176715],[-122.43303808015666,37.80623820380163],[-122.43303517119385,37.806309399691195],[-122.43299669489699,37.80624349183702],[-122.43292799642174,37.806252269115184],[-122.43292508735274,37.80632346500186],[-122.43288661001095,37.80625755713056],[-122.4328209093164,37.80626595086362],[-122.43280576600114,37.806338163749146],[-122.4327738226285,37.806184527247765],[-122.43281111147029,37.80625051321135],[-122.4328920341342,37.806228557260766],[-122.43288411232159,37.806170653363665],[-122.43291982309873,37.806236622800796],[-122.4329894012,37.80622773287754],[-122.43299426272061,37.80615657888543],[-122.43302997361228,37.80622254919026],[-122.43310300767368,37.80620160107576],[-122.43309508456397,37.80614369721116],[-122.43313079553904,37.806209667485625],[-122.43320660434664,37.8061883647076],[-122.43319868229298,37.80613046083126],[-122.43323439333027,37.80619643017364],[-122.43329308051018,37.80618893163159],[-122.43329794173721,37.80611777762638],[-122.43333365288004,37.806183747839746],[-122.43339032035159,37.80617650676076],[-122.43339518034927,37.806105352770075],[-122.43343089157253,37.80617132295407],[-122.43349673097136,37.80615129462294],[-122.43348880753662,37.80609338988341],[-122.4335245188373,37.80615936003922],[-122.43359413034968,37.80613884894279],[-122.43358620799911,37.806080945091956],[-122.4336219193568,37.806146914317615],[-122.43368923041376,37.80612669772787],[-122.4336813068549,37.80606879390191],[-122.4337170182913,37.806134763098925],[-122.43377499782243,37.80612735522518],[-122.43377985744826,37.806056201217984],[-122.43381556896618,37.80612217038534],[-122.43386846419747,37.80611541179662],[-122.43388738380551,37.80604304761071],[-122.43389907266828,37.80612208986586],[-122.43393728702031,37.80611843694374],[-122.43387429071231,37.80582223029532],[-122.43380623450497,37.80582930778368],[-122.43380589036414,37.805899909209344],[-122.43376053802375,37.805835172365654],[-122.43376019383943,37.80590577379114],[-122.43370771055642,37.80584195232877],[-122.43370736632195,37.80591255375391],[-122.43366978805946,37.80584681883634],[-122.43361223072347,37.805854205320564],[-122.4336118875334,37.805924806726736],[-122.43357430937279,37.80585907267962],[-122.43351573199483,37.805866589393396],[-122.43351538871296,37.805937190799035],[-122.43347781063153,37.80587145672141],[-122.43342534876179,37.8058781891075],[-122.43342500425855,37.805948790531424],[-122.43338742622781,37.80588305552425],[-122.43332666844648,37.80589085301858],[-122.43332632500828,37.80596145532425],[-122.43328874589957,37.8058957194036],[-122.43322798809761,37.805903516847145],[-122.43322764454199,37.805974118251484],[-122.43319006667313,37.80590838318184],[-122.43312508843478,37.80591672198967],[-122.43312474480467,37.805987324294385],[-122.43308716702025,37.80592158919204],[-122.43302190232785,37.805929964180535],[-122.43302155857621,37.8060005655839],[-122.43298397976446,37.805934831368326],[-122.43291404973786,37.80594380546692],[-122.4329137058836,37.80601440686987],[-122.43287612827233,37.80594867170061],[-122.43280612917232,37.805957654977846],[-122.43279392783866,37.80602956370659],[-122.4327640420619,37.805888943967844],[-122.4328002167479,37.80594172106434],[-122.43287097320015,37.80593264066375],[-122.43287386243514,37.805874729907806],[-122.43290881995716,37.8059277846682],[-122.43297721711734,37.80591900692713],[-122.43298010624551,37.805861095267545],[-122.43301506383702,37.805914149996674],[-122.4330780778965,37.805906062439625],[-122.43308096810429,37.80584815165963],[-122.43311592576175,37.80590120635896],[-122.43317675829785,37.80589339963735],[-122.43317964840475,37.805835487953985],[-122.43321460612675,37.80588854262424],[-122.43327297068717,37.80588105207979],[-122.43327586071862,37.80582314039395],[-122.43331081736812,37.8058761950544],[-122.43336814719633,37.805868837681665],[-122.43337103717644,37.805810926894175],[-122.43340599386484,37.80586398062566],[-122.43346435954545,37.805856490868756],[-122.43346724829131,37.805798579196576],[-122.43350220620147,37.80585163378194],[-122.43356026844856,37.805844182296894],[-122.43356315711895,37.80578627062223],[-122.43359811509193,37.80583932517921],[-122.4336571961831,37.805831742487435],[-122.43366008591295,37.805773830791566],[-122.43369504281391,37.80582688533865],[-122.43381131439602,37.805811963514884],[-122.43382088819983,37.80577828313115],[-122.43387198022182,37.805811367084246],[-122.4338538759307,37.80572224629016],[-122.43378126530087,37.80564491043171],[-122.43367600062034,37.8055973435507],[-122.43355545213952,37.8055878592666],[-122.4327258420963,37.805719012375384],[-122.43264400659382,37.805767711412166],[-122.43260043923755,37.805851877853414],[-122.43250079651315,37.80594089694797],[-122.43239267872127,37.80596589283206],[-122.432516093069,37.80595952314178],[-122.43264302195507,37.80588435015834],[-122.43252666459497,37.805974359646676],[-122.43240317900516,37.806000030930846],[-122.43238998992493,37.80607315080597],[-122.43240084363158,37.80610389094127],[-122.43251826973064,37.806090358283534],[-122.43240457770243,37.806114469499214],[-122.43249103042854,37.806359336889464],[-122.43244875708359,37.80636716628901],[-122.43252113210949,37.8065803072486],[-122.43249773600128,37.806585308441974],[-122.4324251481783,37.80637153920452],[-122.4324016737954,37.80637588738059],[-122.43230195090719,37.806081833662844],[-122.43236943124165,37.806070815559046],[-122.43238138151071,37.80600456251318],[-122.43235335454817,37.80601038936878],[-122.43235117487339,37.80598508021921],[-122.43237275733917,37.80597049821349],[-122.43219414901287,37.806040244242034],[-122.43217095638175,37.806077542477055],[-122.43222665502742,37.8062139327053],[-122.43220626732703,37.806290834832225],[-122.43238309881006,37.807103662118195],[-122.43256526998314,37.8084795795022],[-122.4326149254727,37.80848396133423],[-122.43260518807789,37.8085067666112],[-122.43233840810919,37.808508302654],[-122.43207882379403,37.807223218624586],[-122.4319995538487,37.80717796317884],[-122.43144308783732,37.807251099019744],[-122.43138582265156,37.80731429992633],[-122.43172774395715,37.80902391898123],[-122.43134118587521,37.80905681300836],[-122.43099542341128,37.80736560730456],[-122.43091609282645,37.80732035844148],[-122.43036057897038,37.80739336360152],[-122.43030331161808,37.807456563999466],[-122.43062160496878,37.809166648229855],[-122.43010810910637,37.80921539378185],[-122.42983511645771,37.807825345228125],[-122.42926329239346,37.807903388451216],[-122.42927031474782,37.807970230161146],[-122.42823672349125,37.808405618203544],[-122.42700112278226,37.80810919515882],[-122.42699566988819,37.80814142512635],[-122.42754567034697,37.80864090835308],[-122.4280136574466,37.80856957013647],[-122.42804287311421,37.80870494415409],[-122.42753286609911,37.808782688323845],[-122.42752353927777,37.808739468961015],[-122.42730133176143,37.80877334055833],[-122.42728740816344,37.80870881681316],[-122.4274899286103,37.80867794629305],[-122.42690999481454,37.80815127831381],[-122.42683861334146,37.80811310026586],[-122.4267175361447,37.80816901412617],[-122.42681613162036,37.80862362547146],[-122.42684809449347,37.809019068426124],[-122.42675446236548,37.8094271975228],[-122.42662710311821,37.8097353822852],[-122.42667099967395,37.80963899964285],[-122.42648570130184,37.809567654797064],[-122.42659012214065,37.809242224370564],[-122.42662368167619,37.80889254710134]]],[[[-122.42652895999963,37.809901700149844],[-122.42662192097973,37.80974518471742],[-122.42656802022923,37.80984003647515],[-122.42652895999963,37.809901700149844]]],[[[-122.42640999963861,37.810063999675414],[-122.42652494692226,37.809907790310284],[-122.42622069321959,37.81026930660434],[-122.42640999963861,37.810063999675414]]],[[[-122.42621720218521,37.81027222767378],[-122.4262198910441,37.81027008663748],[-122.42621974258672,37.81027023145371],[-122.42621720218521,37.81027222767378]]],[[[-122.42601094964112,37.810437547517346],[-122.42614645096735,37.810336159832076],[-122.42607812804613,37.81038983884512],[-122.42601094964112,37.810437547517346]]],[[[-122.42587499970962,37.81052100012004],[-122.42599767884379,37.810446448315524],[-122.42574109250636,37.81058989436176],[-122.42587499970962,37.81052100012004]]],[[[-122.42556579164588,37.81066186058034],[-122.4257329476703,37.810593653827965],[-122.42565129921434,37.81062909782701],[-122.42556579164588,37.81066186058034]]],[[[-122.42537999945388,37.810718999819485],[-122.42556033758808,37.810663815134575],[-122.42523063370349,37.8107530327761],[-122.42537999945388,37.810718999819485]]],[[[-122.4250630415938,37.81077869607112],[-122.42521241158677,37.810756429490816],[-122.42512568302145,37.8107705936996],[-122.4250630415938,37.81077869607112]]],[[[-122.42489983357858,37.81079185354666],[-122.42505903684224,37.810779156167435],[-122.4249633784408,37.81078810108947],[-122.42489983357858,37.81079185354666]]]]}},{"type":"Feature","properties":{"nhood":"Lakeshore"},"geometry":{"type":"MultiPolygon","coordinates":[[[[-122.50321899957909,37.73555100006362],[-122.5031049999682,37.73546600011059],[-122.50299499950032,37.7355550003142],[-122.50255799957226,37.73555699957149],[-122.50203099956653,37.73551500039378],[-122.50117899944298,37.73534199959728],[-122.50109700041179,37.735206000096056],[-122.50090200045048,37.73525300037448],[-122.50006300022366,37.73490499970914],[-122.49923899995565,37.734454000039364],[-122.49919599999737,37.73431200036025],[-122.499033000064,37.73435899983026],[-122.49860599988997,37.734185999645916],[-122.49803100048804,37.734026999590135],[-122.49748700037739,37.733925000023014],[-122.49685600024014,37.7338670002067],[-122.49663600004197,37.73377100026697],[-122.49676000046996,37.73358600040164],[-122.49745600051372,37.733012999934445],[-122.49810699966483,37.7322679996792],[-122.49905899954163,37.73157599962528],[-122.49823000029488,37.73137599962061],[-122.49800199959154,37.73127800024094],[-122.49806000043672,37.73116499968663],[-122.49735400010512,37.72966799980073],[-122.49723299976539,37.72948999963054],[-122.49701699945027,37.72930300032758],[-122.49669900048292,37.729124000222264],[-122.49635700050246,37.72903399967242],[-122.49603500007393,37.72901200031119],[-122.49568799984094,37.7290589997995],[-122.49346999978883,37.72959699957171],[-122.49344399944233,37.729485000013625],[-122.49331099985787,37.72936300013472],[-122.49253800045958,37.728947000072246],[-122.49226699989819,37.728839999902654],[-122.49192900016153,37.72879699968676],[-122.49144200033253,37.72886399992067],[-122.49101100033566,37.72907299992175],[-122.49055899990714,37.72954800041945],[-122.49054700010848,37.729651999718214],[-122.49042500008802,37.72969200040611],[-122.49013499980575,37.73000299982694],[-122.4899010005274,37.73016499987924],[-122.48958000040538,37.730285999663806],[-122.48920500009649,37.73031899957514],[-122.48888999981878,37.730256999776124],[-122.48672399991027,37.72958699973399],[-122.48655199977837,37.72958500011155],[-122.48651599955627,37.729801999735855],[-122.48631100052289,37.73022099975806],[-122.48617700032277,37.73059099989129],[-122.4861789998657,37.73087899989244],[-122.48266400024777,37.73114700041218],[-122.48192999956463,37.73117200017363],[-122.47592699952446,37.731103999564105],[-122.47485700042661,37.73106599965639],[-122.47478199964753,37.73099299955875],[-122.47463000023821,37.728934000373144],[-122.47473300005437,37.72703300013296],[-122.47490000045711,37.7269909996474],[-122.47474199994657,37.72687400016366],[-122.47504900012405,37.721210999827555],[-122.47522200020337,37.72105699958088],[-122.47534200035166,37.72086599983316],[-122.47534199988074,37.720548999715845],[-122.47522499948248,37.72044299977537],[-122.47534199986897,37.72027300044391],[-122.47522700026123,37.71983600033598],[-122.4748969997089,37.71944800019472],[-122.47284400015151,37.71731199957757],[-122.47257200044511,37.71717399992926],[-122.47263299999435,37.71690800037327],[-122.47183599975479,37.71464699995661],[-122.47147199956056,37.71342699972822],[-122.47133699966959,37.71268900023591],[-122.47125500006119,37.71183099971487],[-122.47121500015237,37.70893899982974],[-122.47131899976938,37.70830500038498],[-122.47176099962452,37.708333999830344],[-122.48108299956282,37.70823199997452],[-122.48378299979768,37.70833200019481],[-122.48488300023263,37.708332000359036],[-122.48538200025558,37.70823099990087],[-122.49358299986412,37.70823199978636],[-122.49778300030285,37.70813200008973],[-122.50277803679366,37.70813299986466],[-122.50279512187153,37.70834193137102],[-122.50287030220174,37.70851950932481],[-122.50297069450045,37.70911026553975],[-122.50318216739086,37.70964323819087],[-122.50322115237071,37.71004500313113],[-122.50345543670689,37.71090176566688],[-122.50338838180016,37.71102587016637],[-122.50353905337906,37.71139219900057],[-122.50360678985074,37.711815830926554],[-122.50392491515512,37.71197717872646],[-122.50398845271067,37.71213735456807],[-122.50408302373602,37.71282108555504],[-122.50415574243767,37.71300798017744],[-122.50415452941203,37.713276761624485],[-122.50426161552544,37.713483228620056],[-122.50441556820077,37.714172669385306],[-122.50462007769762,37.71485452893744],[-122.50498391060201,37.71573810984274],[-122.50506492909324,37.71612247829992],[-122.50527778098855,37.71671313124027],[-122.50553393613208,37.717303296164594],[-122.50555078631626,37.71753793009107],[-122.50579505221638,37.71833003931118],[-122.50575835025516,37.71851867264393],[-122.50594801995493,37.718836162008124],[-122.50603842944551,37.71908898567722],[-122.50609883636474,37.71975289962682],[-122.5060665241513,37.720287376110186],[-122.50611966142712,37.72065764995686],[-122.50629131728277,37.721023049216726],[-122.50652151445489,37.72165869640168],[-122.50765580957766,37.72842403371489],[-122.50774890970614,37.72862661363393],[-122.50781513181363,37.72916383037726],[-122.50793740627589,37.72954269699603],[-122.5080295074369,37.72965518302096],[-122.50804657932383,37.72975525977481],[-122.50817661305655,37.7309529147145],[-122.50807033766007,37.73105966318299],[-122.50801073027198,37.7311929841661],[-122.50804265579038,37.73131105788551],[-122.50800590209063,37.731439427246336],[-122.50802562239258,37.731637548206294],[-122.508092101875,37.73197174738838],[-122.50815762445718,37.73205731111547],[-122.50818135704601,37.73219148903642],[-122.50825134937273,37.73233628905335],[-122.50826116323819,37.73248667691803],[-122.50841277288542,37.73288785515969],[-122.50829391991374,37.73306096389841],[-122.50830310641275,37.733188550208595],[-122.50825397231539,37.73339012940681],[-122.508265477308,37.73370928647402],[-122.5082998929317,37.73381363049871],[-122.50824718447055,37.73388295931644],[-122.50823683905637,37.73435076556801],[-122.50828083190235,37.73459638358386],[-122.50826828510374,37.734769957556196],[-122.50834984127198,37.73502405221283],[-122.50847684309147,37.73515191479648],[-122.50853817985781,37.735401791918264],[-122.50671700048414,37.735470000432514],[-122.50651600046422,37.73538399984487],[-122.50536900042741,37.73538300039862],[-122.50515300054829,37.735564999723735],[-122.50321899957909,37.73555100006362]]]]}},{"type":"Feature","properties":{"nhood":"Tenderloin"},"geometry":{"type":"MultiPolygon","coordinates":[[[[-122.41916799985066,37.77527799990682],[-122.41925600041813,37.77514700013959],[-122.41935500006726,37.77523399961008],[-122.41939699952106,37.77542200004141],[-122.41956499957605,37.77626199999847],[-122.41950599973194,37.77636899968392],[-122.41960300047128,37.77645700031401],[-122.41974999944436,37.77719200043556],[-122.4196939997964,37.777300000350024],[-122.41978800014282,37.77738699977687],[-122.41993399959553,37.778119999861445],[-122.4198829995938,37.778251000384664],[-122.41996799963695,37.77831200014394],[-122.42031100036978,37.77991699975996],[-122.42024699960035,37.78007499991484],[-122.42033599968612,37.78019000006485],[-122.42049900049216,37.78090900040971],[-122.42044000011394,37.78103100029221],[-122.4205520003287,37.781125999831936],[-122.42069299987104,37.78185200022173],[-122.42063800045355,37.781960999835526],[-122.42073799973997,37.78205299990144],[-122.42088200021816,37.78277599962942],[-122.42081699994638,37.782893999569374],[-122.42090100019696,37.78297700016503],[-122.42104999964968,37.78371199988074],[-122.4210080004088,37.783823999727076],[-122.42109800005649,37.7839149998652],[-122.42124299973524,37.784634999719536],[-122.42119300003186,37.784752999599625],[-122.42127699991194,37.784857000083846],[-122.42144200043835,37.78556700005286],[-122.421392999475,37.78568600028804],[-122.42129799964262,37.785794000030734],[-122.42144699985269,37.78652799956673],[-122.42156999955779,37.7866189995935],[-122.40840200006792,37.78829299997248],[-122.40769799994727,37.784699000163606],[-122.4073370005528,37.78456000042311],[-122.40742399954631,37.78455199969732],[-122.40804199998205,37.78406599971194],[-122.40806699975067,37.783990999873076],[-122.40816000010435,37.783972999832756],[-122.40893099944846,37.783364000223976],[-122.40895200033319,37.78328799968144],[-122.40905300015069,37.783268000276536],[-122.41027100024698,37.78230600007615],[-122.4102920002116,37.78223099961632],[-122.41039099977425,37.782210999899995],[-122.41249199995343,37.780551999594785],[-122.41251199954603,37.78047900027643],[-122.41260900005932,37.780459000431726],[-122.41472099964989,37.77879100018861],[-122.41474099963443,37.77871899986788],[-122.41483500018165,37.778700999797074],[-122.4162609996447,37.77757199955736],[-122.41629199974827,37.77749400006977],[-122.41639200017923,37.777468999680124],[-122.417470999776,37.7766179997396],[-122.41750099989424,37.7765410002872],[-122.41762899991866,37.7764939998033],[-122.41916799985066,37.77527799990682]]]]}},{"type":"Feature","properties":{"nhood":"McLaren Park"},"geometry":{"type":"MultiPolygon","coordinates":[[[[-122.40666500014113,37.719214999860796],[-122.40727200003577,37.71782000002608],[-122.40825500017016,37.71809000007304],[-122.40853000022946,37.71732000018122],[-122.4085320002078,37.717209000074455],[-122.40862099966621,37.71711700034955],[-122.40784099959203,37.71692300003189],[-122.40817100023209,37.71615700003175],[-122.40894999953039,37.71645800041022],[-122.41036399988026,37.716690999872526],[-122.41043299976168,37.7164139997955],[-122.41050599961186,37.71632200032338],[-122.4107230000886,37.715829999697895],[-122.41073800040661,37.71573900035383],[-122.4113160004678,37.7143669998864],[-122.41539599965951,37.71547400031558],[-122.4156589994614,37.71549199985978],[-122.41586600052683,37.715277999603146],[-122.41605499964822,37.715013999789896],[-122.41615400035424,37.71479899979384],[-122.4162100004055,37.71453099970677],[-122.41619400051457,37.71427300020962],[-122.41609600039114,37.71401300011911],[-122.41594900006487,37.713821999974506],[-122.41580599971408,37.71369399967686],[-122.41562300029051,37.71359400014145],[-122.41529100044811,37.713503999865154],[-122.41563499991584,37.71273299995437],[-122.42033100033707,37.71396699955448],[-122.42090799967487,37.71377400041912],[-122.42122800031186,37.71331000003172],[-122.42147499955485,37.71220099980279],[-122.42163199982643,37.71218500028867],[-122.4219629998346,37.71201799966997],[-122.42212299995514,37.71171799992995],[-122.42224099999059,37.71131699989393],[-122.42241100003825,37.710971000051735],[-122.42281099952147,37.710510999996025],[-122.42302700006587,37.710377000113226],[-122.42336800045777,37.71030199971114],[-122.42418199985195,37.7102650002604],[-122.42455000048697,37.710102000094125],[-122.4245550003814,37.71017199969598],[-122.42503999943219,37.71054299969486],[-122.42551200056282,37.710788999907614],[-122.42673699963741,37.71122499963083],[-122.4255479996063,37.71451699959147],[-122.42730599969283,37.71507000016337],[-122.42718900029836,37.71574800031688],[-122.42666999969299,37.717078000347016],[-122.42638999971585,37.71856100006427],[-122.4258300000775,37.71930200008855],[-122.42547900039969,37.72023299972575],[-122.42455499973931,37.72164799991634],[-122.42484800015987,37.72205300034941],[-122.42380700003324,37.72369100043023],[-122.41987499999588,37.724710000383446],[-122.41937500036171,37.72349799994186],[-122.41839199977878,37.723767999657596],[-122.41791399964738,37.72262700037037],[-122.41778100035778,37.72259700001738],[-122.41691700053752,37.72282499978323],[-122.41663199943194,37.72215699986028],[-122.4155579999962,37.722226000136686],[-122.41592300032941,37.72308500021504],[-122.41296900018763,37.72385799974383],[-122.41099000044214,37.719074000020825],[-122.4080889999677,37.71983000039254],[-122.40797700013219,37.719736000045195],[-122.40795599973184,37.71986400029347],[-122.40709800009617,37.72008799989473],[-122.40699800031338,37.71999099975129],[-122.40666500014113,37.719214999860796]]]]}},{"type":"Feature","properties":{"nhood":"Japantown"},"geometry":{"type":"MultiPolygon","coordinates":[[[[-122.42468700019211,37.785335000403094],[-122.42489900016167,37.78544100031767],[-122.42789399947385,37.78506399969089],[-122.42798899945353,37.78495400005175],[-122.42810199994544,37.785027000063934],[-122.43105300047783,37.78466800012865],[-122.43120499944251,37.78456799960908],[-122.43139899995484,37.78460699965334],[-122.43288499953411,37.78441999995219],[-122.43291400018914,37.78435499996863],[-122.43297000001412,37.784409999772826],[-122.43446500047781,37.78422199972887],[-122.43456200040185,37.784152000235125],[-122.4346589995411,37.784193999643286],[-122.43775199980027,37.783801999858944],[-122.43784799946886,37.78371800007265],[-122.43801700024974,37.78377300027012],[-122.43826799988643,37.78371599955111],[-122.43893700025815,37.78345000004766],[-122.43935199966522,37.78339499963734],[-122.43947999949027,37.78330800004751],[-122.43963299991992,37.783359999632815],[-122.44270200037242,37.7829720002431],[-122.4427930004657,37.78288500012065],[-122.44318300014781,37.7848270000533],[-122.42504700051741,37.78712999986136],[-122.42468700019211,37.785335000403094]]]]}},{"type":"Feature","properties":{"nhood":"Inner Sunset"},"geometry":{"type":"MultiPolygon","coordinates":[[[[-122.45294699979522,37.76637399965159],[-122.45195799968171,37.76147799958168],[-122.44678299992208,37.761780999615404],[-122.44653000018306,37.7613959995713],[-122.44640999982323,37.76109399999347],[-122.44643399982918,37.76100700044615],[-122.44639400035466,37.76090699959408],[-122.44634300019517,37.76041100010935],[-122.44641299948269,37.759855000449356],[-122.4464539994291,37.75904699956797],[-122.44639500042643,37.758856000337786],[-122.44730300054506,37.75789100003167],[-122.44791500056903,37.7575890004161],[-122.44818200029556,37.757849999998385],[-122.44829500029662,37.75802899995509],[-122.44848400017203,37.7586090000536],[-122.44847400001966,37.758954000444696],[-122.44853500049912,37.75904499988456],[-122.45092900005073,37.75872499967609],[-122.45283499979986,37.758096999678635],[-122.45331699989893,37.75781999967432],[-122.45387200029812,37.757378000247996],[-122.45402700016314,37.7571800003343],[-122.45417199961348,37.75650700033292],[-122.45425000048914,37.75634699996303],[-122.45482099997261,37.755546999889866],[-122.45505200005613,37.75511599979423],[-122.45512500007904,37.75487600043018],[-122.45517500006717,37.75433700015784],[-122.45523600004428,37.75420500010872],[-122.45578399986381,37.75341000040939],[-122.456031999934,37.75288600026758],[-122.456004999826,37.75209400031492],[-122.45609100051831,37.75180399959693],[-122.45644799945762,37.751483000398046],[-122.45703199995218,37.75140200024855],[-122.45898500037416,37.75194600003546],[-122.46066799993477,37.75181399980652],[-122.46116000012897,37.751694000420365],[-122.46152399961484,37.751503999648016],[-122.46158700007598,37.75156499975548],[-122.46181000001069,37.75166799955294],[-122.462124999881,37.75190299967094],[-122.46241399971107,37.75222200023182],[-122.46311399970911,37.75277999993764],[-122.46336099962106,37.75303900006489],[-122.46418400008577,37.75291199973974],[-122.46446200037192,37.75289899989957],[-122.46441799972327,37.75231899978806],[-122.4642760003634,37.75232099988868],[-122.46384500037496,37.75198399966758],[-122.46344200032026,37.75119499997047],[-122.46427699974505,37.750981000333745],[-122.46418600049446,37.75071700029743],[-122.46445899966692,37.750866999943256],[-122.46490000040711,37.751008000176775],[-122.46646899948324,37.75093900002262],[-122.46633599996919,37.74907499962954],[-122.4680259997505,37.74899900036465],[-122.46856000009763,37.74893600006526],[-122.47059499955778,37.748869000190034],[-122.4715869995978,37.74880600044524],[-122.47174900036089,37.74883600016691],[-122.47603299957862,37.74864800039568],[-122.47610200019126,37.748755000289115],[-122.47621600036344,37.7503989998649],[-122.47616300019672,37.75051200016592],[-122.47622899977767,37.750622000041815],[-122.47634299962046,37.75226299977282],[-122.47629199977487,37.75237900007891],[-122.4763639998075,37.752484000150595],[-122.47647999956489,37.754128999701905],[-122.47642400050026,37.754241999835926],[-122.4764950001104,37.754349000216685],[-122.47661399996701,37.756046000436214],[-122.47655400007568,37.756110000113225],[-122.47662899978478,37.75617199971437],[-122.47674999944952,37.75790400029937],[-122.47668400056722,37.75796900004512],[-122.47676600001397,37.7580800001903],[-122.47688099998788,37.75972200021286],[-122.47674799963067,37.75995300039043],[-122.4769250000983,37.761583999616526],[-122.47701099955874,37.761698999757876],[-122.47696399953207,37.761811000011804],[-122.47710100009397,37.76345500014983],[-122.4771740002885,37.76355899970617],[-122.47712100052017,37.763675000239544],[-122.47724099945027,37.76532100002087],[-122.47730799991515,37.76544800040394],[-122.47712499974276,37.76549799993322],[-122.47630700001989,37.76553400010409],[-122.4761869999633,37.76549799998386],[-122.47606399945042,37.76554500017077],[-122.47525299954961,37.76557999966406],[-122.47511899992642,37.76554399964888],[-122.47502099978585,37.76558700012048],[-122.47415899984672,37.76562700038257],[-122.47404500038417,37.76559300016444],[-122.47394300051015,37.76563700038824],[-122.47304399957955,37.765677999648354],[-122.47292300035716,37.76564099997238],[-122.47280300035574,37.7656929996877],[-122.47192000042256,37.76572999956441],[-122.4717999997064,37.76568800004409],[-122.47170199983267,37.76573899973015],[-122.47085600006757,37.76577999959329],[-122.47072699996345,37.765739000224656],[-122.47061399948602,37.76579099961622],[-122.46979000030012,37.765823999594254],[-122.46965399956082,37.765782999792926],[-122.46953100005508,37.765835000294345],[-122.46869800016135,37.76587200027688],[-122.46858299965862,37.76582999961132],[-122.46843899963513,37.76588300037933],[-122.46762799990033,37.76591899992512],[-122.4675150003111,37.765876999973266],[-122.46735400036236,37.765930999642485],[-122.46656100019862,37.765966000159345],[-122.46644200050758,37.76592499962118],[-122.46631500021081,37.76597700038384],[-122.46549799972536,37.76601200026734],[-122.46526600042401,37.76592700035824],[-122.46429699998502,37.765963000352],[-122.46335400056881,37.76600500034546],[-122.46315799998395,37.766106999811456],[-122.4622869998441,37.76615100041542],[-122.46216200018009,37.76610999994865],[-122.46211099959594,37.766158999698604],[-122.46119700016858,37.76620299963339],[-122.4609540001806,37.766125999702155],[-122.45906399985729,37.76620900015048],[-122.4589470001672,37.766255999694906],[-122.45882499965528,37.766216000309214],[-122.45856800037772,37.76622100003127],[-122.45797699992303,37.76602899988795],[-122.45779000039623,37.766014999852],[-122.45749000039716,37.765930999779435],[-122.45718899992072,37.76588099990796],[-122.45691300039347,37.765873999877684],[-122.45294699979522,37.76637399965159]]]]}},{"type":"Feature","properties":{"nhood":"Hayes Valley"},"geometry":{"type":"MultiPolygon","coordinates":[[[[-122.4208080001382,37.77399700010538],[-122.42191600006149,37.7731230002854],[-122.42194099981572,37.77303600005582],[-122.42205099951369,37.77301600017694],[-122.42259500037851,37.77258700006489],[-122.42261999961212,37.77250299983142],[-122.42273199952469,37.772479999865624],[-122.42359600029306,37.77179800034377],[-122.4236199995259,37.77171700011694],[-122.42372500041824,37.77169599964352],[-122.42482900052963,37.77082899996692],[-122.424853000398,37.77074800033911],[-122.42495799980635,37.77072600020938],[-122.42628499996849,37.76968400008577],[-122.4263090001491,37.76960300010809],[-122.42668399944392,37.769533999609386],[-122.4289910004109,37.76939399981513],[-122.42912799953051,37.76945600038976],[-122.4315699996006,37.769307000353685],[-122.43246699970958,37.773757000284476],[-122.44073499971392,37.77271299979324],[-122.44148799989664,37.77643500023769],[-122.42335400029549,37.7787470002254],[-122.42354099964322,37.77967400025455],[-122.42024699960035,37.78007499991484],[-122.42031100036978,37.77991699975996],[-122.41996799963695,37.77831200014394],[-122.4198829995938,37.778251000384664],[-122.41993399959553,37.778119999861445],[-122.41978800014282,37.77738699977687],[-122.4196939997964,37.777300000350024],[-122.41974999944436,37.77719200043556],[-122.41960300047128,37.77645700031401],[-122.41950599973194,37.77636899968392],[-122.41956499957605,37.77626199999847],[-122.41939699952106,37.77542200004141],[-122.41935500006726,37.77523399961008],[-122.41925600041813,37.77514700013959],[-122.4193569999576,37.77512800012117],[-122.42023099965834,37.77443799976193],[-122.42025400034952,37.774359000176936],[-122.42038599956041,37.77431600044582],[-122.4206749997271,37.77408699981931],[-122.42069900010192,37.77400800006738],[-122.4208080001382,37.77399700010538]]]]}},{"type":"Feature","properties":{"nhood":"Haight Ashbury"},"geometry":{"type":"MultiPolygon","coordinates":[[[[-122.43199799957345,37.771430999654044],[-122.4315699996006,37.769307000353685],[-122.43710600014384,37.76896300020424],[-122.43723099966391,37.76906000015318],[-122.43833800004029,37.769007000382004],[-122.43881999954209,37.7684009998967],[-122.44013699954324,37.767757000167826],[-122.44060400056635,37.76695500019391],[-122.44193800020228,37.76595299963987],[-122.44200900004391,37.765907000340086],[-122.44216700001724,37.76588800021185],[-122.44236099952339,37.76588499997265],[-122.44257499958698,37.76592799988529],[-122.44351100023613,37.76533999960303],[-122.44334699948243,37.765333000159316],[-122.4435380001076,37.76532299983271],[-122.44401300009453,37.76502499966334],[-122.44404500052306,37.764951999967096],[-122.44399199989466,37.76480799967892],[-122.44399699962817,37.76469599964134],[-122.44412900014815,37.76442699985164],[-122.44430100001766,37.764307000033355],[-122.44466399989473,37.76332700013624],[-122.44569199976964,37.762348000262534],[-122.44593100038985,37.762233000346306],[-122.44616799993707,37.762218999873745],[-122.44624700005528,37.76224699962907],[-122.44628700009434,37.76230999982786],[-122.44639200042573,37.76223199978754],[-122.44638399995696,37.76181600040455],[-122.45195799968171,37.76147799958168],[-122.45294699979522,37.76637399965159],[-122.45299600049337,37.76647599956377],[-122.45316500010688,37.76730700035605],[-122.45390200025867,37.77105400035951],[-122.45378200009,37.77102199966894],[-122.45187099962321,37.771299000143046],[-122.43246699970958,37.773757000284476],[-122.43199799957345,37.771430999654044]]]]}},{"type":"Feature","properties":{"nhood":"Golden Gate Park"},"geometry":{"type":"MultiPolygon","coordinates":[[[[-122.44092200041324,37.773634999987],[-122.44073499971395,37.772712999793214],[-122.45187099962321,37.771299000143],[-122.45378200009,37.77102199966891],[-122.45390200025867,37.77105400035951],[-122.45299600049343,37.766475999563745],[-122.45294699979519,37.76637399965162],[-122.4569130003935,37.76587399987771],[-122.45718899992069,37.76588099990798],[-122.45749000039716,37.765930999779414],[-122.45779000039626,37.76601499985195],[-122.457976999923,37.76602899988795],[-122.45856800037778,37.76622100003128],[-122.45882499965525,37.766216000309214],[-122.45894700016721,37.76625599969493],[-122.45906399985726,37.76620900015047],[-122.46095400018058,37.766125999702155],[-122.46119700016854,37.76620299963341],[-122.46211099959591,37.76615899969859],[-122.46216200018006,37.76610999994865],[-122.46228699984412,37.76615100041546],[-122.46315799998398,37.766106999811484],[-122.46335400056878,37.76600500034544],[-122.464296999985,37.76596300035199],[-122.46526600042401,37.76592700035825],[-122.46549799972533,37.76601200026732],[-122.46631500021083,37.76597700038381],[-122.46644200050761,37.76592499962116],[-122.46656100019862,37.76596600015932],[-122.46735400036232,37.765930999642514],[-122.46751500031104,37.76587699997325],[-122.46762799990032,37.7659189999251],[-122.4684389996351,37.76588300037936],[-122.4685829996586,37.7658299996113],[-122.46869800016138,37.76587200027688],[-122.46953100005508,37.7658350002943],[-122.46965399956082,37.76578299979293],[-122.46979000030012,37.76582399959425],[-122.47061399948605,37.76579099961617],[-122.47072699996343,37.765739000224656],[-122.47085600006763,37.76577999959329],[-122.4717019998327,37.765738999730125],[-122.47179999970643,37.765688000044086],[-122.4719200004225,37.765729999564435],[-122.47280300035574,37.7656929996877],[-122.47292300035713,37.7656409999724],[-122.47304399957952,37.76567799964834],[-122.47394300051015,37.76563700038821],[-122.47404500038422,37.76559300016447],[-122.4741589998467,37.7656270003826],[-122.47502099978583,37.765587000120455],[-122.47511899992637,37.76554399964884],[-122.47525299954958,37.76557999966409],[-122.47606399945045,37.76554500017078],[-122.47618699996333,37.765497999983886],[-122.47630700001989,37.76553400010412],[-122.47712499974276,37.76549799993324],[-122.47730799991515,37.76544800040393],[-122.4774890001352,37.765485999639544],[-122.47820299999073,37.76545199988297],[-122.47832500031951,37.76539900031339],[-122.47834700050723,37.765435999686424],[-122.4792680002364,37.76539499964191],[-122.47939800020201,37.76535100039361],[-122.47952000047975,37.76537999986523],[-122.48034899990036,37.76534500018584],[-122.48046900027613,37.76530600015014],[-122.48059499984114,37.76533800001005],[-122.48141199992608,37.765302999801136],[-122.48154100004774,37.76526000001842],[-122.48165099969233,37.76529399990237],[-122.482485999612,37.76525499997153],[-122.48261500016831,37.76521000006247],[-122.48274000041926,37.76524399986516],[-122.48351500054909,37.765207999932024],[-122.48368499958981,37.7651599999485],[-122.48380399952956,37.765201999810515],[-122.48464099990666,37.76516799961116],[-122.48475900046903,37.7651170000935],[-122.4848549995182,37.76515899957837],[-122.48572500023236,37.76512000008646],[-122.48583100032461,37.76506899977587],[-122.48595400028525,37.765110000022894],[-122.48676899977556,37.76507199971175],[-122.48690199991685,37.765019000404216],[-122.48701499977675,37.76505799975825],[-122.4878430004493,37.76501999994044],[-122.48796699978965,37.76497100037857],[-122.48808700011959,37.76500299973207],[-122.48892899973141,37.764970000419794],[-122.48904199958102,37.76492899991024],[-122.48916800023687,37.76495599961433],[-122.48992200019832,37.76492199986611],[-122.49011599986292,37.76488099977535],[-122.49023000009336,37.76490799999205],[-122.49103699948716,37.76487199957417],[-122.49118599952223,37.76483299973694],[-122.49131800049963,37.76486299963617],[-122.49212800014895,37.76482299995027],[-122.49225800052068,37.76478000025187],[-122.49238100031432,37.764821000158406],[-122.49322100035404,37.764783999740494],[-122.49333100018279,37.764732999752496],[-122.49342100016916,37.76477600043242],[-122.49431599980286,37.76473700035752],[-122.49440199958649,37.764685999876896],[-122.49451399982011,37.76473000005145],[-122.49534499971742,37.76470600007555],[-122.49547499973285,37.76463800016625],[-122.49558599958937,37.76469599981944],[-122.49643099994634,37.764660000336235],[-122.49654699978001,37.76459599991392],[-122.49663099955997,37.76465099970979],[-122.4974569999668,37.76460100039407],[-122.49761600047852,37.76454500043987],[-122.49773899958093,37.764586000220284],[-122.49859800044835,37.7645459996329],[-122.49868699991852,37.76449500008275],[-122.49876999944219,37.764538000077316],[-122.49964100031917,37.764501000378836],[-122.49976000028404,37.76445000023586],[-122.4998500000266,37.764487000153345],[-122.5007289994522,37.76445199982315],[-122.50083100010836,37.76440599969652],[-122.50093600043085,37.76444300010442],[-122.50181000000495,37.764406000127394],[-122.50190100021753,37.76436099970448],[-122.50201500050703,37.764393000356485],[-122.50286099992107,37.764353999671854],[-122.50297600033444,37.76431099958379],[-122.50308400010942,37.76434300024],[-122.50392600027446,37.76430400037612],[-122.5040490001163,37.764261000213914],[-122.50415799964708,37.764296000233095],[-122.50498199991216,37.76425999987363],[-122.50511999990108,37.764214000056974],[-122.5052320003626,37.76424900031155],[-122.50609000006776,37.76421000025168],[-122.50619099996123,37.76416599968282],[-122.50632300007562,37.76420299990909],[-122.5071489996559,37.76416399968524],[-122.50726200049189,37.7641159996157],[-122.50736500027448,37.76415200010443],[-122.50820900022279,37.76412000031132],[-122.50833099971696,37.76407599968607],[-122.50846199984277,37.764106000244226],[-122.50928399968696,37.76408799973352],[-122.50940200008138,37.76403299986894],[-122.50957499985188,37.76409999995446],[-122.5101610001876,37.76408000011336],[-122.5103410001332,37.76400100000712],[-122.51236992183007,37.763586015947254],[-122.51245741678196,37.763703461151565],[-122.51249902837003,37.76385189652539],[-122.51264720029032,37.76411782723008],[-122.51273355941716,37.76418346774916],[-122.5127363869248,37.76428782066508],[-122.51277597968522,37.76436171748763],[-122.51275204119702,37.764518728969925],[-122.51278607826308,37.764734408765214],[-122.51271719148542,37.76496675980331],[-122.51263183657078,37.76563191306957],[-122.51272506438458,37.76595098331012],[-122.51270011428883,37.76607072509902],[-122.51276768760422,37.76613668638779],[-122.51278253443033,37.7663377783483],[-122.51288131960705,37.766515066393495],[-122.5128934388541,37.76696229412323],[-122.5130171739506,37.767019839346354],[-122.51306575918315,37.76707866791205],[-122.51310777901182,37.767242009742496],[-122.51308121304531,37.76730212177071],[-122.51312444509652,37.76751018572342],[-122.5130786876725,37.76755571093534],[-122.51307575828592,37.767794393311775],[-122.51304080840583,37.76789193449756],[-122.51308080852303,37.76798073792827],[-122.51311212065141,37.769136077833075],[-122.51308656521037,37.76923345855735],[-122.51312575691578,37.769292447524776],[-122.51308585681214,37.769554132635],[-122.51314575693833,37.77003037326389],[-122.513083330948,37.77050124703078],[-122.5131467441666,37.77076107125299],[-122.51105399990388,37.77134199980686],[-122.46533200034779,37.773423000054905],[-122.45468299976038,37.774755000061795],[-122.45408300038511,37.77192999971797],[-122.45395899992094,37.771997000141994],[-122.45243699960724,37.77218900011921],[-122.45224199965202,37.77218100045134],[-122.44092200041324,37.773634999987]]]]}},{"type":"Feature","properties":{"nhood":"Inner Richmond"},"geometry":{"type":"MultiPolygon","coordinates":[[[[-122.45932399954084,37.78752100021499],[-122.45837100043094,37.774308999813464],[-122.46533200034776,37.77342300005493],[-122.47176199964201,37.77313900031373],[-122.47171099971595,37.773244000173],[-122.47183300010457,37.77491300014661],[-122.47190499999569,37.77500300005333],[-122.47184700027087,37.77509999964799],[-122.47196300027748,37.776774000280135],[-122.47203999977984,37.77686799993858],[-122.47196600043759,37.776970000426736],[-122.47208399971099,37.77862799999104],[-122.47217400041575,37.778727999647266],[-122.4720999999542,37.77885200003448],[-122.47222099980682,37.780520999656915],[-122.47231199949984,37.780655999678146],[-122.4722539998326,37.780828999778144],[-122.47237499996956,37.78250400002708],[-122.47245100055746,37.78257900025697],[-122.47238700033786,37.782674000430546],[-122.47251299990879,37.78437299991946],[-122.4725859994697,37.78444900017242],[-122.47252500048731,37.78456000009203],[-122.47259599973125,37.78549199964635],[-122.4725789995684,37.78620800006601],[-122.47262599987117,37.786315000362784],[-122.47254499998104,37.78640899977778],[-122.47248899993754,37.786774999900324],[-122.4723520001501,37.78723399975011],[-122.47091200015865,37.78722099977935],[-122.46798899996357,37.78784899979758],[-122.46692400035255,37.788131999750725],[-122.45992499978881,37.789543000240734],[-122.45947599998611,37.78971100039204],[-122.45932399954084,37.78752100021499]]]]}},{"type":"Feature","properties":{"nhood":"Glen Park"},"geometry":{"type":"MultiPolygon","coordinates":[[[[-122.44737500017301,37.74648199962739],[-122.44728499988267,37.74605500017686],[-122.44685300036706,37.74612299984881],[-122.44681699978867,37.745950999684496],[-122.44673899968609,37.74584100025126],[-122.44642799972824,37.74551799994268],[-122.44617900024441,37.745314000316405],[-122.44602599978943,37.74513399978229],[-122.44578500008029,37.74465199995022],[-122.44567900048068,37.744138999842676],[-122.4455899999946,37.74390599975565],[-122.44541100035416,37.74376599971568],[-122.44465799961168,37.743527999633294],[-122.44436000001794,37.74336900021888],[-122.44414800043295,37.74329699968041],[-122.44390099954012,37.74330400006588],[-122.4428929996959,37.74384300001725],[-122.44274100053471,37.7439949998059],[-122.44264400001846,37.74419299973678],[-122.44262900041271,37.74434800026037],[-122.44227099952776,37.744375000278914],[-122.4420139996768,37.74445200020577],[-122.44171000014164,37.74462899996776],[-122.44136599968395,37.74490699958052],[-122.44127099961953,37.74504799970018],[-122.44127000052907,37.74523100024472],[-122.44008800015936,37.7452960002595],[-122.43996800004741,37.745226999832674],[-122.43976400049833,37.74497000022985],[-122.43952900045797,37.7448039999404],[-122.43773900024104,37.74372900019772],[-122.43768299962777,37.7436090000144],[-122.43751399970465,37.74359400045089],[-122.43722699971163,37.74342100011407],[-122.4364719996002,37.742886000183766],[-122.43609799982927,37.74251899970315],[-122.43579999977639,37.74210499972785],[-122.43558399943194,37.74161199976536],[-122.43562099970711,37.7415340001127],[-122.43552500026242,37.74165200009234],[-122.43542500007474,37.74168800009273],[-122.43538699991717,37.74192299968944],[-122.43553599953903,37.74269699958148],[-122.43555900050384,37.74316099982782],[-122.4333199998217,37.743296000012904],[-122.4333800001319,37.74317500033601],[-122.43325899986034,37.74190300029198],[-122.43290200041825,37.74192499973132],[-122.43278099977795,37.74189899969968],[-122.43259700048984,37.741799999882424],[-122.43244399996236,37.7417720000121],[-122.43088799986826,37.741833000103895],[-122.42328600002556,37.74229499968971],[-122.42340300022451,37.7422030000687],[-122.42404800032423,37.74062999990197],[-122.42425799978035,37.73993499956004],[-122.42414699954078,37.739868999663535],[-122.42427600020012,37.73978400026351],[-122.42448500009381,37.738993000179],[-122.42472400009368,37.73843099988323],[-122.42508200006958,37.737851000382676],[-122.42559799989534,37.7373169998874],[-122.42665900017747,37.73641799991244],[-122.42787399953713,37.73553700001963],[-122.4286070004361,37.73505999967799],[-122.42979900055772,37.734406000201815],[-122.43242200015634,37.73317599979696],[-122.43280200008245,37.73334000009485],[-122.43297400021692,37.73331100040336],[-122.43320099977416,37.733439000109385],[-122.43402100009243,37.73358800029361],[-122.43414499946785,37.7335500004074],[-122.43423800019168,37.73362599986653],[-122.43489899963917,37.733750999998186],[-122.43499600024114,37.733718000105405],[-122.43506699969647,37.73378199993464],[-122.43573899949415,37.73389900018843],[-122.43583999953339,37.73387500023171],[-122.43592000012,37.73393100017715],[-122.4365799994575,37.73406800002496],[-122.43667299949136,37.734039999623775],[-122.436752000045,37.73409600013325],[-122.43839199967988,37.73442000036275],[-122.43892000027479,37.73459999974112],[-122.43919099953065,37.73473500016021],[-122.43957299970688,37.734842999634914],[-122.43993400028612,37.73485700044416],[-122.44002400023176,37.73490900010076],[-122.44069399948444,37.735069000181646],[-122.44101500054869,37.73556999957708],[-122.44115200040298,37.735709000074664],[-122.44138399958243,37.735860000414775],[-122.44169799983618,37.73595099977745],[-122.44202899967502,37.735990999720386],[-122.44215500046961,37.73597100011072],[-122.44316199986865,37.735688000017866],[-122.44330100050186,37.73567600036573],[-122.44356599984748,37.73572899968473],[-122.44374599944584,37.73585600004447],[-122.44382399953503,37.736008999893926],[-122.44382899981301,37.73613399975883],[-122.44374600021729,37.73635500014346],[-122.44365499953024,37.73642800028796],[-122.44353200014355,37.73660199979534],[-122.44265699988799,37.73711899958285],[-122.44248900014266,37.737289000309886],[-122.44242099944249,37.737438000213565],[-122.44240399954617,37.73764000045214],[-122.44262500054455,37.73831399992497],[-122.44262800001995,37.73856500003027],[-122.44250399985962,37.73923800012056],[-122.44252499953615,37.7394480003991],[-122.44259699984013,37.7395479995844],[-122.44271800038503,37.739681999845814],[-122.44285700034189,37.739766999968985],[-122.4436939995355,37.73997100004915],[-122.44392200015913,37.74008799965325],[-122.4440980003544,37.74023400034047],[-122.44436599949297,37.74057600024052],[-122.44468200007827,37.74079300015311],[-122.44491099966525,37.74087200006934],[-122.44573799979413,37.74102199976274],[-122.44589799967366,37.74111700020722],[-122.44605899959399,37.741274999576355],[-122.44609999997697,37.741357999623496],[-122.4462570004725,37.742071999769486],[-122.44641100004999,37.74228199978911],[-122.4466579997581,37.74244199972233],[-122.44683999995182,37.742519000252294],[-122.44711000038987,37.74257999968032],[-122.44848899959894,37.74270499973926],[-122.44913699983275,37.74282900004955],[-122.44935700020274,37.74292200033015],[-122.44958300018374,37.743065000223176],[-122.4497900002629,37.74325700023907],[-122.44991900004288,37.74327199977743],[-122.45059199956688,37.744090999664664],[-122.45058700013887,37.74421299968701],[-122.45158899946118,37.745429000071],[-122.45162400011145,37.745534000195306],[-122.4515700004476,37.74565399995105],[-122.45096999988597,37.74587000021322],[-122.45085299987441,37.745825999843994],[-122.4507050003817,37.74592899994618],[-122.44972099954664,37.74605599996719],[-122.44791600025026,37.74648000016102],[-122.44778600039713,37.746437999690826],[-122.44765899986517,37.74653699970084],[-122.44739899962886,37.74659600030652],[-122.44737500017301,37.74648199962739]]]]}},{"type":"Feature","properties":{"nhood":"Financial District/South Beach"},"geometry":{"type":"MultiPolygon","coordinates":[[[[-122.3875252162534,37.78279734438729],[-122.3875205579595,37.782796700700786],[-122.38752741288673,37.78279767961704],[-122.3875252162534,37.78279734438729]]],[[[-122.3847095283931,37.782782609117696],[-122.38471199968441,37.78278200004784],[-122.38472992737707,37.78292541667911],[-122.3847095283931,37.782782609117696]]],[[[-122.38473068962007,37.78292663734819],[-122.38474707188651,37.7829383291002],[-122.38473752727378,37.78293360343527],[-122.38473068962007,37.78292663734819]]],[[[-122.38474918111582,37.78293893433927],[-122.38623544908269,37.78285608563443],[-122.38476141469593,37.78294008427669],[-122.38474918111582,37.78293893433927]]],[[[-122.40058827732369,37.80602241353753],[-122.40096367298877,37.803563562251405],[-122.40084285699416,37.80342911165927],[-122.40047967666884,37.803466325158794],[-122.39853613534831,37.80460635189477],[-122.39851124025792,37.80459663299279],[-122.39855946214436,37.80452649339822],[-122.39822802905412,37.80428081406402],[-122.3982294964531,37.8042506459273],[-122.39997232326101,37.80322500763609],[-122.39960212732248,37.80280794108433],[-122.39781967805395,37.803812540330924],[-122.39778437858217,37.803804931716144],[-122.39751175029382,37.80348635705237],[-122.39961603622474,37.802282416793076],[-122.39972366285674,37.80217628794918],[-122.3994091009679,37.801824512085865],[-122.39915195872976,37.80188924260074],[-122.39710185702168,37.80302480710812],[-122.39614393367151,37.80195702183554],[-122.39615601891836,37.80191972297177],[-122.39838366496866,37.80067269644995],[-122.39798901235079,37.80023042615443],[-122.3957628184309,37.801474494962974],[-122.3954413202565,37.80116283037054],[-122.39752503221027,37.799970295071404],[-122.39763900395867,37.799847190842584],[-122.39725686401194,37.79944226478912],[-122.39689650272088,37.79963281697508],[-122.39725113837028,37.79940145103177],[-122.39674118832536,37.798834500059485],[-122.39670219919209,37.798856019895354],[-122.39666979433385,37.798822110403684],[-122.39661319728722,37.79885050755561],[-122.39657873907811,37.79883318446978],[-122.3957101708369,37.79933375087174],[-122.39568190590995,37.79940077031559],[-122.39558148762974,37.79945944004033],[-122.39549163782925,37.799462469512264],[-122.39447145821818,37.80004941809147],[-122.39446300702414,37.800109779807],[-122.39449585624787,37.800144118935805],[-122.39443686005829,37.80018151876922],[-122.39433833191502,37.8001577433369],[-122.39425225150258,37.800073542831825],[-122.39424423734884,37.799994427418106],[-122.39430617527572,37.79995600982314],[-122.3944201857635,37.79999794104117],[-122.39544427812835,37.79940775955254],[-122.39546076023751,37.79934885478825],[-122.39556509380127,37.7992869526781],[-122.39565094716356,37.79928398738949],[-122.39652586732812,37.79877785793516],[-122.39650916973768,37.79874256026344],[-122.396561854665,37.79870916128403],[-122.39652943246853,37.79867523491078],[-122.39657439089282,37.79865041893378],[-122.39635744807984,37.79847173023928],[-122.39639318923494,37.79845200298109],[-122.39586103440594,37.79787110231348],[-122.39552630033442,37.79796808406507],[-122.3938369623301,37.79894057823345],[-122.39355789282408,37.798660828477615],[-122.39356418009058,37.79863071457791],[-122.39545515153385,37.797548701109854],[-122.39549344262457,37.79746973181437],[-122.39542279102164,37.79739253347052],[-122.39530446155395,37.79739443537889],[-122.39513168057206,37.79749493575813],[-122.39499621193711,37.79734123070129],[-122.39517671683494,37.79723623731983],[-122.39520396166715,37.79715342805544],[-122.39517458694915,37.797121332264545],[-122.39501615265819,37.79712387842624],[-122.39484213827582,37.79722757316986],[-122.3948767345941,37.79725845321771],[-122.39320877641639,37.798249506047085],[-122.3929214635453,37.79797423009593],[-122.39293334082072,37.79793840295729],[-122.39341807596702,37.797664270502864],[-122.3938580942432,37.79729356778169],[-122.39479711042291,37.79670887503891],[-122.39468122461108,37.79658160104532],[-122.39351740746955,37.797258483513296],[-122.39355081199623,37.79729364399264],[-122.39316869332734,37.79750801523476],[-122.39309158519326,37.797425958936955],[-122.39346860287846,37.79720770362558],[-122.3934908564368,37.797233051471714],[-122.39412696319302,37.796863388591255],[-122.3939319528944,37.79664893386461],[-122.39385042966569,37.79668792362104],[-122.3937425182189,37.7965746308852],[-122.39388082137366,37.79650696485526],[-122.39359788992779,37.79619816278716],[-122.39352386646686,37.79623703279389],[-122.39339727466597,37.796098387706564],[-122.39348185485406,37.79605721780731],[-122.39326349606159,37.79583122023686],[-122.39319933862363,37.79586269493477],[-122.39301392531013,37.795654903201275],[-122.39305546136715,37.79562826806661],[-122.39299776355048,37.79556078987253],[-122.39158993501266,37.79620518407292],[-122.39119608475536,37.795779030299684],[-122.3924114327075,37.79481964010547],[-122.39226696591041,37.794667564309584],[-122.39194057306044,37.794853728246366],[-122.39164948753425,37.794547304589784],[-122.39182826722929,37.79444533503392],[-122.39180182576305,37.794417499145254],[-122.39194561994799,37.79433548289422],[-122.39178962296438,37.79417126569603],[-122.3917340318982,37.794202973483664],[-122.39166688305713,37.79413228657326],[-122.39172247523425,37.794100578798734],[-122.39167249965703,37.79404797040042],[-122.39198177279252,37.79387156884602],[-122.39158911829246,37.79352771179228],[-122.39172372425178,37.793428877011976],[-122.38880790967872,37.7909778045664],[-122.38893016528945,37.79088001968969],[-122.3886117748033,37.790313330818876],[-122.38804906346316,37.79050774011845],[-122.38801188719015,37.79043147311319],[-122.38836923521177,37.79030801404906],[-122.38828653412283,37.790161231148424],[-122.3883208223568,37.79015062634586],[-122.38821898267797,37.78999592366472],[-122.38574312765488,37.7909712948043],[-122.3857027660491,37.7909607743234],[-122.38550833562022,37.790555580433434],[-122.3855188901606,37.79052812307382],[-122.38760736420228,37.78978746182472],[-122.3873480122821,37.789311151191946],[-122.38536570079967,37.789788419576304],[-122.38530224043662,37.789778076353194],[-122.38510749653571,37.78932605912928],[-122.38514806553746,37.78922025122436],[-122.38718830589775,37.78877373474614],[-122.38704904385423,37.78822882445702],[-122.38526086221428,37.78851963276934],[-122.38521171327866,37.78848793816009],[-122.3851290872923,37.78813058637658],[-122.38738141561723,37.787720437115794],[-122.38740700335673,37.78724110702605],[-122.38456153350629,37.787400830489624],[-122.38449986151066,37.78736386001346],[-122.38434133900363,37.785747363369595],[-122.38436392462025,37.78570760786703],[-122.3872963569801,37.78552183811453],[-122.38758071755105,37.785438380581525],[-122.38763104054267,37.78486468599507],[-122.38545861716834,37.784993511356355],[-122.38541471412145,37.784606855751946],[-122.38722167742412,37.78450164153899],[-122.38748413036694,37.78446703702587],[-122.3876740736884,37.78439645942997],[-122.38770983344676,37.78387583847251],[-122.38628760373314,37.78395928957796],[-122.38623661812078,37.78340582905524],[-122.387526296757,37.78333098745737],[-122.38775162464009,37.7832463574741],[-122.38777675056045,37.782867882333655],[-122.38762957835279,37.78282465374032],[-122.38807000054341,37.782449000337074],[-122.3880959996408,37.78191199993038],[-122.38830599956547,37.781797999593735],[-122.38875799962713,37.78179799957584],[-122.38916800034873,37.78164899962099],[-122.38939000053617,37.78150899976078],[-122.39274999947901,37.77885199978907],[-122.40046800018878,37.78502999976972],[-122.40270800027392,37.78325899990069],[-122.40583100020682,37.785743999673485],[-122.40597600033834,37.785693000166916],[-122.40732599976482,37.784629999892665],[-122.4073370005528,37.78456000042311],[-122.40769799994727,37.784699000163606],[-122.40878600019867,37.79016000015766],[-122.40714900033723,37.79036599996371],[-122.407536000341,37.79224899983939],[-122.40441800050584,37.79263899957865],[-122.40461300004971,37.79356499991531],[-122.40014900001545,37.79413399980144],[-122.40086300043419,37.797653999755674],[-122.40204100007708,37.79750500002749],[-122.40316000018245,37.80309799972436],[-122.404797999434,37.8029009996648],[-122.40517400051621,37.80476299955129],[-122.40349500004032,37.805088999894956],[-122.40315499981304,37.8051220001141],[-122.40227000054828,37.805127000412014],[-122.40178699988185,37.805314000051425],[-122.40058827732369,37.80602241353753]]]]}},{"type":"Feature","properties":{"nhood":"Excelsior"},"geometry":{"type":"MultiPolygon","coordinates":[[[[-122.42398200023331,37.731551999755176],[-122.42282000012305,37.731640999608544],[-122.42170299946211,37.731806999904315],[-122.4217529998151,37.73108500018827],[-122.42094499977387,37.73130899968074],[-122.42018499977127,37.731462999931274],[-122.41951400054286,37.73149000020724],[-122.41935600035062,37.731439000154914],[-122.41926999977355,37.73133000033251],[-122.41953599950202,37.729129000366356],[-122.41948600023976,37.72904600023603],[-122.4187440002415,37.729089000035245],[-122.4168640002004,37.72879600024179],[-122.41663700025285,37.72880900038167],[-122.41617399946647,37.72891900010596],[-122.41519299974384,37.729222999836466],[-122.41445999966336,37.72745699956069],[-122.41840400046325,37.72642499957692],[-122.41790600012193,37.7252209998074],[-122.42380700003326,37.72369100043021],[-122.42484800015984,37.72205300034942],[-122.42455499973931,37.72164799991637],[-122.42547900039963,37.720232999725766],[-122.4258300000775,37.719302000088575],[-122.42638999971585,37.71856100006424],[-122.42666999969299,37.71707800034701],[-122.42718900029836,37.7157480003169],[-122.4273059996928,37.71507000016337],[-122.42554799960635,37.71451699959146],[-122.42673699963738,37.71122499963084],[-122.42551200056279,37.710788999907635],[-122.4250399994322,37.71054299969484],[-122.42455500038143,37.710171999695966],[-122.424550000487,37.7101020000941],[-122.42441699975436,37.71004700024117],[-122.42397100038123,37.70967800038902],[-122.42344200015428,37.70937599984299],[-122.42335300052575,37.70925100013799],[-122.42376533470697,37.708341715746876],[-122.42562399488072,37.70831622959865],[-122.42808199991505,37.70843100021157],[-122.42933307832774,37.70832339832956],[-122.43129454207508,37.70829777162409],[-122.43920595162687,37.70828430530707],[-122.43967699957092,37.70833299995281],[-122.44045900026678,37.708338000030906],[-122.44049692691314,37.70828210714028],[-122.44071019745097,37.70828174474404],[-122.4408550002339,37.708326999551616],[-122.4412230004885,37.70832500020612],[-122.44155334856676,37.70828030900962],[-122.44320693607668,37.708277495059185],[-122.4444819997268,37.708331999572344],[-122.44509499814056,37.70826628144687],[-122.44569136915044,37.70824976271547],[-122.45383436385373,37.708223555113804],[-122.4542809997927,37.70825600025361],[-122.44893100020992,37.710073999858366],[-122.44552800031896,37.71188699971473],[-122.44189599947053,37.71530799990277],[-122.44041799957265,37.717244999628186],[-122.44041800031283,37.717309999946],[-122.44018600016597,37.717623999677656],[-122.44010700043462,37.71766500005063],[-122.44010600017307,37.71771900020957],[-122.43955700049823,37.71844599970658],[-122.43950000043105,37.718466999608935],[-122.43949699953453,37.71852499990279],[-122.43892199987714,37.719286000446644],[-122.43886299990578,37.719309000327094],[-122.43885499957864,37.71937399981338],[-122.43838899975735,37.719991000141796],[-122.43832899948553,37.72001599980644],[-122.4383120002657,37.720093000283256],[-122.43753299976498,37.72112200044424],[-122.43746099971713,37.721164000428026],[-122.43745699981137,37.72122199992438],[-122.4372089997982,37.72155000008133],[-122.43714999972181,37.721574999787194],[-122.43646799966825,37.7224650001857],[-122.43280800016205,37.727315000282566],[-122.43129399961074,37.72873000003446],[-122.43126899950813,37.72880699971511],[-122.4308780001203,37.729209000300315],[-122.43080900049696,37.72922799976696],[-122.4308049997675,37.72928399996224],[-122.4302600003448,37.72983200009606],[-122.4301809998441,37.72985999956033],[-122.43011099999664,37.72993100043001],[-122.43010500035203,37.72998800034949],[-122.42937800035419,37.730719999751585],[-122.42930400014724,37.730742000166885],[-122.42803800020344,37.732016000203544],[-122.42639099943266,37.73168999994527],[-122.42556300022231,37.7315789996982],[-122.42398200023331,37.731551999755176]]]]}},{"type":"Feature","properties":{"nhood":"Chinatown"},"geometry":{"type":"MultiPolygon","coordinates":[[[[-122.4062259995664,37.79755900029376],[-122.40551299953815,37.79706500039374],[-122.40086300043419,37.797653999755674],[-122.40014900001545,37.79413399980144],[-122.40461300004971,37.79356499991531],[-122.40441800050584,37.79263899957865],[-122.4091710000045,37.79204299983456],[-122.40972200001421,37.79473699969498],[-122.41136399995663,37.79452699960673],[-122.41290800040426,37.80218399966503],[-122.4062259995664,37.79755900029376]]]]}},{"type":"Feature","properties":{"nhood":"Castro/Upper Market"},"geometry":{"type":"MultiPolygon","coordinates":[[[[-122.42655500055683,37.769484999847016],[-122.42694800056495,37.76917500022637],[-122.42685800050366,37.76904199954658],[-122.42671299991707,37.76898199989395],[-122.42661800052146,37.7679900002148],[-122.42669300030515,37.76786900042236],[-122.42659599944433,37.76775800010046],[-122.42653499996128,37.767127999861714],[-122.42661600042108,37.767070000028156],[-122.42652400006395,37.7670130001286],[-122.42646099969247,37.76636100036555],[-122.42653800030841,37.76626800036458],[-122.42644399957267,37.766184999562164],[-122.42641000042065,37.7658350004292],[-122.42649100006845,37.76577399959701],[-122.42639800006752,37.765711000307796],[-122.42630900029822,37.76479199987158],[-122.42638200035921,37.764645999649154],[-122.42628199987898,37.76450599997339],[-122.42624000021766,37.764060000088236],[-122.42631700046427,37.76397000032873],[-122.42622600036549,37.76391600026974],[-122.42615299960126,37.76314999959611],[-122.42622799943146,37.76303099973758],[-122.4261310002395,37.762911999793054],[-122.42606499976212,37.76222199985883],[-122.42614600048779,37.76215999969426],[-122.42605399995887,37.762102000033615],[-122.42600199998357,37.761549000084784],[-122.4260770001144,37.76142700009788],[-122.42597899961014,37.761314999956156],[-122.4258459994904,37.75994900010024],[-122.42591999991141,37.75983000043512],[-122.42582199982203,37.759710000024725],[-122.42576900033166,37.75915399974488],[-122.4258430000488,37.75902899978237],[-122.42574599953674,37.75891200026645],[-122.42569200017344,37.758349000224655],[-122.42576699985229,37.75822700033045],[-122.42568300031785,37.758144999947106],[-122.425627000284,37.75751799983403],[-122.42568900025643,37.75743000004464],[-122.42560499964176,37.75734700017382],[-122.42554999976474,37.75671999983951],[-122.42561200047562,37.75663099970136],[-122.43454599992927,37.75609299985767],[-122.43467100016494,37.75610900036617],[-122.43780299949404,37.75589300032219],[-122.43776900029317,37.755540999621765],[-122.4388640001816,37.75543399997017],[-122.43883899990259,37.755524999612504],[-122.43916699946959,37.75902799976927],[-122.44009599965105,37.75897899993132],[-122.44059100035837,37.75904199958868],[-122.44217500025324,37.75893900020682],[-122.4421639998339,37.758753999698584],[-122.44220899995447,37.75851400019077],[-122.44225799975878,37.75773400031528],[-122.44228100056515,37.75763000026816],[-122.44237099999117,37.75758400016134],[-122.44228699971325,37.756854000159024],[-122.44221999954163,37.756638999639726],[-122.44227300033714,37.75657499990867],[-122.44298100041469,37.75616000019317],[-122.4433339998104,37.75642399960793],[-122.4432759996725,37.75623399990963],[-122.44338300047005,37.75633700026434],[-122.44469600042056,37.75722399976736],[-122.44496400038928,37.75727300015643],[-122.44510599964093,37.756961000210566],[-122.44440700008187,37.75656799971796],[-122.44435499964862,37.7565029996894],[-122.44438499986963,37.7564020001166],[-122.4444850001683,37.7563540002525],[-122.44454500049092,37.7564300001664],[-122.44476300006946,37.75655800001565],[-122.445026000118,37.75661199982024],[-122.44528299999338,37.75657299970079],[-122.44564599997884,37.756449000241886],[-122.44594599963173,37.75641300002764],[-122.44694999987867,37.756549999888215],[-122.44703299982964,37.75675599984664],[-122.44711899947914,37.75687499993701],[-122.44730699974505,37.75704200015763],[-122.44754700008531,37.75719000004161],[-122.44791500056903,37.7575890004161],[-122.44730300054506,37.75789100003167],[-122.44639500042643,37.758856000337786],[-122.4464539994291,37.75904699956797],[-122.44641299948269,37.759855000449356],[-122.44634300019517,37.76041100010935],[-122.44639400035466,37.76090699959408],[-122.44643399982918,37.76100700044615],[-122.44640999982323,37.76109399999347],[-122.44653000018306,37.7613959995713],[-122.44678299992208,37.761780999615404],[-122.44638399995696,37.76181600040455],[-122.44639200042573,37.76223199978754],[-122.44628700009434,37.76230999982786],[-122.44624700005528,37.76224699962907],[-122.44616799993707,37.762218999873745],[-122.44593100038985,37.762233000346306],[-122.44569199976964,37.762348000262534],[-122.44466399989473,37.76332700013624],[-122.44430100001766,37.764307000033355],[-122.44412900014815,37.76442699985164],[-122.44399699962817,37.76469599964134],[-122.44399199989466,37.76480799967892],[-122.44404500052306,37.764951999967096],[-122.44401300009453,37.76502499966334],[-122.4435380001076,37.76532299983271],[-122.44334699948243,37.765333000159316],[-122.44351100023613,37.76533999960303],[-122.44257499958698,37.76592799988529],[-122.44236099952339,37.76588499997265],[-122.44216700001724,37.76588800021185],[-122.44200900004391,37.765907000340086],[-122.44193800020228,37.76595299963987],[-122.44060400056635,37.76695500019391],[-122.44013699954324,37.767757000167826],[-122.43881999954209,37.7684009998967],[-122.43833800004029,37.769007000382004],[-122.43723099966391,37.76906000015318],[-122.43710600014384,37.76896300020424],[-122.42912799953051,37.76945600038976],[-122.4289910004109,37.76939399981513],[-122.42668399944392,37.769533999609386],[-122.4263090001491,37.76960300010809],[-122.42655500055683,37.769484999847016]]]]}},{"type":"Feature","properties":{"nhood":"Bernal Heights"},"geometry":{"type":"MultiPolygon","coordinates":[[[[-122.40361299982803,37.74933700015653],[-122.40389699951115,37.74842900031641],[-122.40373599980096,37.74838500024276],[-122.40361799988675,37.748121000166336],[-122.4035610005543,37.74776200041543],[-122.40371199946283,37.747201999804986],[-122.40406399961883,37.74625299995257],[-122.4043150002308,37.745929999953134],[-122.40420299952396,37.74548399960977],[-122.40418500015218,37.745236999600344],[-122.4045899995184,37.74412599956751],[-122.4052140001642,37.74324699973266],[-122.40524200024684,37.74305100041131],[-122.40540499988018,37.74298500005222],[-122.40653300018981,37.74143899958859],[-122.40691400024308,37.74076299981867],[-122.40700499960005,37.740241999784246],[-122.4070520004777,37.73970599985578],[-122.40691099993397,37.73943000032858],[-122.40694499957434,37.73869400015236],[-122.40686800032172,37.73814400036195],[-122.4069109998947,37.737966000134165],[-122.40710300047124,37.73796600003939],[-122.40778899971897,37.73777700000759],[-122.40821699959282,37.737611999616114],[-122.40824500000532,37.737062999998656],[-122.40833699962516,37.73667799987933],[-122.4084879995164,37.73629100037396],[-122.40865500012437,37.73599800015214],[-122.40914099984268,37.735375000370276],[-122.40950499972833,37.73504399958104],[-122.40995000029714,37.734715000152114],[-122.41147299977662,37.73378600011757],[-122.41208499973717,37.73345700000014],[-122.41378400021273,37.732672000156654],[-122.41438800035074,37.7324169998999],[-122.41511499981512,37.732229999681294],[-122.4159389994706,37.732071999643466],[-122.41665700054803,37.732012999885384],[-122.41739199975684,37.7320500004143],[-122.41946400003398,37.73205999994656],[-122.42035800045343,37.73200600030339],[-122.42282000012305,37.731640999608544],[-122.42391999958627,37.73155299961696],[-122.42455400052793,37.73154900019379],[-122.42556300022231,37.7315789996982],[-122.42610400006912,37.73165099996744],[-122.42803800020344,37.732016000203544],[-122.42639100020645,37.733674999806055],[-122.42637499946231,37.73373600038635],[-122.42617499973669,37.73393800028093],[-122.42611499951167,37.733954000092496],[-122.42843700014205,37.734950999696515],[-122.42857300021538,37.73508199997301],[-122.42787399953713,37.73553700001963],[-122.42665900017747,37.73641799991244],[-122.42559799989534,37.7373169998874],[-122.42508200006958,37.737851000382676],[-122.42472400009368,37.73843099988323],[-122.42448500009381,37.738993000179],[-122.42427600020012,37.73978400026351],[-122.42414699954078,37.739868999663535],[-122.42425799978035,37.73993499956004],[-122.42404800032423,37.74062999990197],[-122.42340300022451,37.7422030000687],[-122.42328600002556,37.74229499968971],[-122.42330199943498,37.74242599989265],[-122.42276299974777,37.743855000171756],[-122.42266899981304,37.74394199962101],[-122.42270599971118,37.74403999959167],[-122.4222930000631,37.74518400040858],[-122.42228300004213,37.74548200044831],[-122.4222179997573,37.7455790004077],[-122.4219179996614,37.74582599989622],[-122.42132799967008,37.747441999973304],[-122.42139299943432,37.748123999718075],[-122.42046999967351,37.748161000031345],[-122.42027899960429,37.748124999564105],[-122.42013900047063,37.748157000392084],[-122.4183569994665,37.74819800021692],[-122.41822100044091,37.748166000096106],[-122.41804700051205,37.74821099954374],[-122.4160089996925,37.7482509996289],[-122.41586300017671,37.74821200010217],[-122.41572799970014,37.748255000305754],[-122.41502599947134,37.74826699976421],[-122.4149189996829,37.74823099992062],[-122.41482600011912,37.748273000241184],[-122.41381799945616,37.748292000146385],[-122.41366899946622,37.748254999592845],[-122.41353599999383,37.74830400024126],[-122.41162800041087,37.74834099965758],[-122.41148399995373,37.748297999649054],[-122.41134600057224,37.74834400033542],[-122.41065400046959,37.74836299965998],[-122.41054599993376,37.74831699955356],[-122.41044900040221,37.748365000265586],[-122.40974900000218,37.748379999987705],[-122.40964599961983,37.74833400004449],[-122.40954699957254,37.74838500013833],[-122.40885399961527,37.74839699990414],[-122.40870600034212,37.748352999663545],[-122.4086039995914,37.74840199998629],[-122.40788199997928,37.7484050000073],[-122.40777400032441,37.74847499960033],[-122.40689200054997,37.74877200004645],[-122.4067579997854,37.74876599965623],[-122.40672800022428,37.7488189999828],[-122.40631199955739,37.74893899986727],[-122.40523900007837,37.74912500013903],[-122.40356899957048,37.74947499978333],[-122.40361299982803,37.74933700015653]]]]}},{"type":"Feature","properties":{"nhood":"Bayview Hunters Point"},"geometry":{"type":"MultiPolygon","coordinates":[[[[-122.38157774241415,37.75307043091241],[-122.38159239626694,37.75309424492931],[-122.38144985494098,37.752970723869645],[-122.38128156576144,37.752921572636],[-122.38087792344831,37.75295474535942],[-122.38053502487331,37.75290280025664],[-122.3800161901845,37.7529222035757],[-122.37988098513023,37.75288682032492],[-122.37985184294504,37.75284680809586],[-122.37986367879206,37.75280045376094],[-122.3799966242577,37.75274816161138],[-122.3800253328597,37.752706894906936],[-122.37995990604612,37.7520298865824],[-122.37608661346029,37.75224889901331],[-122.37577063096033,37.74870653966004],[-122.38491429362905,37.74814489875894],[-122.3849208694134,37.74818457229581],[-122.38465118026811,37.74820214527454],[-122.3846648930481,37.74830358298281],[-122.38473800354787,37.74830335818109],[-122.38501956010539,37.74820520592297],[-122.38511666432628,37.74810913500282],[-122.38528627067875,37.74816614882912],[-122.38545912119133,37.74810880402356],[-122.38582179609872,37.748146468163874],[-122.38593190182766,37.74806637521346],[-122.38611293759199,37.748082600704265],[-122.3861824793598,37.748041236682646],[-122.38621941009355,37.74794658665774],[-122.38627121412111,37.747906195922276],[-122.38635090754165,37.74789847928551],[-122.38645578164561,37.747950406558175],[-122.38679028281042,37.74788504300339],[-122.3871256051648,37.747617251495555],[-122.38733839466529,37.74759113757742],[-122.38752948156224,37.74760359233776],[-122.38763541094167,37.747762845425775],[-122.3876591884241,37.747757660170194],[-122.38763587172237,37.74777539828289],[-122.3876522673574,37.7478196214428],[-122.38776941985958,37.747851247468645],[-122.3881089945683,37.7478329829032],[-122.3880746347405,37.74779596445436],[-122.38810804026424,37.74779542922648],[-122.38810034009701,37.74771157464405],[-122.38814766368392,37.74771081640506],[-122.3881533657324,37.74782564172588],[-122.38861944621046,37.74781497364069],[-122.38886504827637,37.74776825470951],[-122.38954209683999,37.74777448489368],[-122.39028910425318,37.74769868777008],[-122.390412565069,37.7477128390577],[-122.39052677783621,37.747743390207965],[-122.39065367896495,37.74782418233823],[-122.39063449222708,37.74775513259026],[-122.3906743753819,37.74776812720445],[-122.39076031169733,37.74789541500248],[-122.3908498589482,37.747963621466525],[-122.39115769580447,37.748015963851884],[-122.39129652433752,37.74811556963592],[-122.39216066494458,37.74847345289378],[-122.39264568136775,37.748471185064545],[-122.39293254013516,37.74854569985775],[-122.39304117965324,37.74846143035041],[-122.39307731739608,37.74812885075334],[-122.39297967414069,37.7475881123519],[-122.39290746653535,37.747544589039876],[-122.39291075357256,37.74744106217832],[-122.39276897371172,37.74745744896387],[-122.39256937182282,37.747424684535936],[-122.39230973910342,37.74722259894384],[-122.39156362768617,37.747006462748544],[-122.39151586009523,37.74710835225883],[-122.39163290427318,37.74716761829842],[-122.3916107110459,37.747226767189815],[-122.39128548445228,37.747135567109886],[-122.39130483655688,37.74708116732846],[-122.39140025341081,37.74710550439893],[-122.39145011559611,37.747085890292844],[-122.39149764388857,37.74697459775636],[-122.3904921784105,37.74669441800083],[-122.38916699391311,37.74677211059785],[-122.38820564284765,37.74694508258992],[-122.38820363651602,37.746982742289944],[-122.38812096214758,37.74699347386232],[-122.38811686497783,37.74694885634167],[-122.38770483928,37.74693899661812],[-122.3875989521436,37.746968912540375],[-122.38758854017588,37.74702552064047],[-122.38746224940911,37.74710229030827],[-122.38705760224285,37.74710319050069],[-122.38702033414116,37.74706450871999],[-122.38700561316337,37.74691200557494],[-122.38270888373219,37.74716480696755],[-122.38201869813881,37.74706169386102],[-122.37965897544528,37.74720755830326],[-122.37960776711658,37.74697994892601],[-122.37863215578139,37.747047955017194],[-122.37812669713027,37.74712378772633],[-122.37609171868203,37.747144240319116],[-122.37573749725159,37.747089311311406],[-122.37540950852312,37.746995891117926],[-122.37518435443853,37.74687887833131],[-122.37498569779295,37.7467114559393],[-122.37479518870948,37.74647498963999],[-122.37476930346908,37.74640236805665],[-122.37495178846775,37.74584617841827],[-122.3749452261819,37.745780553749704],[-122.37411541261214,37.744971873792906],[-122.37402400002865,37.744949000247146],[-122.37391442610296,37.74497394722325],[-122.37384739411128,37.74503793587166],[-122.3738537880089,37.74508612389676],[-122.37335700019051,37.74537200003755],[-122.37317100056974,37.74541500042953],[-122.37295599998117,37.74538699980179],[-122.37276199953851,37.74550500037058],[-122.36763130765743,37.740133818587616],[-122.36786773985057,37.739994477115616],[-122.3682859997062,37.739975999608475],[-122.36827424076539,37.73982814202931],[-122.37125300323945,37.73966404444706],[-122.3712643603726,37.73979298498011],[-122.37340741612353,37.73966054466593],[-122.37345385697714,37.73961885512596],[-122.3739688171029,37.73956123652639],[-122.37400838380266,37.739520129225305],[-122.37400400030846,37.73946700028317],[-122.37381620277885,37.7392354496151],[-122.37359806034505,37.7388049299123],[-122.3734289998401,37.73862299984991],[-122.37317630340686,37.73845244231786],[-122.37292400011805,37.73834800007275],[-122.37260299979897,37.738281999908985],[-122.37116012474306,37.738174969095766],[-122.3705859995243,37.73819900017672],[-122.3705423660318,37.73815275407525],[-122.37040383044815,37.73820263918965],[-122.36946984137789,37.7382692327967],[-122.36849474258781,37.738250368997065],[-122.36751871676563,37.738343874149294],[-122.36742266632803,37.738300455685646],[-122.36739455685601,37.738222329841015],[-122.36747717698972,37.7381379249722],[-122.36764563086098,37.73807492238448],[-122.3686562978035,37.73793426140351],[-122.36886894246257,37.73786193338999],[-122.36902269227187,37.73776663723877],[-122.36953643334022,37.73771359568863],[-122.36993794746562,37.73756849055464],[-122.37030699943695,37.73748999972198],[-122.37055007548254,37.73737276385063],[-122.370787237575,37.73736534502534],[-122.37104098734481,37.73716034788445],[-122.3712970005493,37.73706300025607],[-122.37161599990382,37.737079999726994],[-122.37192799946997,37.737034000238424],[-122.37204999990134,37.737075999705326],[-122.37212899951484,37.73716300039011],[-122.3722809183217,37.737129921755916],[-122.37230616761224,37.737088078211436],[-122.37292299954989,37.73704300042675],[-122.37320099692968,37.737071173541345],[-122.3735369998954,37.73717600019437],[-122.37432199955796,37.73778699976592],[-122.37452700048375,37.73781999980799],[-122.3755376110125,37.73834759494595],[-122.37597909733469,37.73847711421573],[-122.37618200046285,37.73845599984891],[-122.3763202844369,37.73839358140929],[-122.37645800020113,37.738252000149956],[-122.3760179998277,37.73799099975434],[-122.3755621969255,37.737986821458016],[-122.37534030105188,37.737924142947016],[-122.37513892393967,37.73780434295055],[-122.37495171597406,37.737564335770905],[-122.37488299977556,37.73729500000672],[-122.37490718455946,37.737086567107276],[-122.37505207628375,37.73684309010727],[-122.37502829489974,37.73674637170309],[-122.37515068703934,37.73657934124847],[-122.37516499978643,37.736414999579615],[-122.37523739689729,37.736225486293705],[-122.37556481815518,37.73599841911345],[-122.37573699969442,37.73582900026172],[-122.37594766461494,37.73584340835959],[-122.37596611388291,37.735815761842886],[-122.37588108368504,37.73562880229498],[-122.3758980002719,37.73553099988221],[-122.37582800007253,37.735492999826945],[-122.37586964010093,37.735482995788225],[-122.37585000024157,37.73545299971587],[-122.37592842924562,37.73538480878454],[-122.3759999998222,37.735186000362425],[-122.37587399950823,37.735048000055244],[-122.37557244389106,37.735238520457465],[-122.37546060132036,37.73535882585435],[-122.37531999955588,37.735393999612555],[-122.3750752980729,37.73526466755079],[-122.37504184303259,37.73516290397355],[-122.37505821981938,37.73504308368909],[-122.37490799991215,37.73500299998139],[-122.37487142239048,37.734924492325874],[-122.37494720551697,37.73474093908605],[-122.37510521061577,37.734629017096694],[-122.3751459994599,37.73456199977658],[-122.37503599973778,37.7344540004359],[-122.37489322631822,37.734422692308904],[-122.37490692763755,37.734358652944984],[-122.37486799965524,37.73417099960281],[-122.37495199947885,37.734014999995104],[-122.37496400035941,37.73388999975862],[-122.37501263242815,37.73384336029749],[-122.37517224412687,37.73379523394627],[-122.37522919420412,37.73362413668738],[-122.37536200618611,37.73342448093025],[-122.37538212048105,37.73331187747218],[-122.37551000017007,37.73319999998433],[-122.37550713800479,37.73310610287578],[-122.37568909471366,37.732881351398305],[-122.37565120175549,37.73289715004208],[-122.37555016462518,37.73282902695878],[-122.37561700002838,37.732754999703715],[-122.37557399993138,37.73271600012419],[-122.37519699976964,37.732958999905456],[-122.37496999974304,37.73275299987469],[-122.37489076585061,37.73279973609254],[-122.37480521838603,37.73275562029113],[-122.37460899996091,37.73288000006131],[-122.37455817254519,37.73282020205051],[-122.37490500042345,37.732605000311366],[-122.37482299963438,37.73253000021863],[-122.37467599985905,37.73263899991766],[-122.37439400000925,37.73254000011124],[-122.37417700003124,37.73258600036535],[-122.37411299986461,37.73265699956553],[-122.37391200026934,37.732712000284714],[-122.37388293691609,37.732773001647594],[-122.3737909789418,37.732774794028536],[-122.37372499944088,37.73288500029721],[-122.37356799980478,37.73290900001027],[-122.37351200015475,37.73294899962665],[-122.37349978075709,37.73307118417307],[-122.37341199978202,37.733100000347896],[-122.37318400030563,37.73331300019257],[-122.37298800022198,37.73344400034553],[-122.3726601493152,37.7337896013894],[-122.3725160754258,37.73399855053544],[-122.37233799996149,37.73407400039867],[-122.37223007016625,37.73419759934376],[-122.37191273314981,37.73420871933274],[-122.3715899994479,37.73400699970199],[-122.37130615338097,37.733698667961065],[-122.3710690003591,37.73354399998885],[-122.3708550005028,37.73325599965562],[-122.37073928954949,37.73323660706647],[-122.37071299961161,37.73311199994367],[-122.37044487696912,37.732949527700406],[-122.37007699984282,37.73278800019438],[-122.36982328461251,37.73259470076409],[-122.36958674436075,37.73247688973222],[-122.36953583959198,37.732432111383034],[-122.36951472108585,37.732201474315495],[-122.36920908629641,37.73199254757879],[-122.3690131849456,37.731956513914184],[-122.36898137810239,37.731993127426634],[-122.36900363572822,37.73195225125229],[-122.36889394454332,37.731931225722924],[-122.36870538257352,37.73195610083833],[-122.36863197865877,37.732045909387985],[-122.3686439443393,37.73218702726004],[-122.3686165362607,37.7322445241269],[-122.3685422159013,37.73228250931816],[-122.36837331041178,37.732291295489325],[-122.36814056304509,37.73225806075755],[-122.36771319403432,37.73198947412812],[-122.36746130697875,37.73194687236175],[-122.36727804960428,37.731998311798044],[-122.36714088020496,37.732113898941094],[-122.36691209230061,37.73223177403894],[-122.36693165983891,37.732197413419726],[-122.36684978050087,37.73229855720353],[-122.36676242766241,37.73229352284914],[-122.36667804026104,37.73221495739024],[-122.36583483327185,37.7331397191289],[-122.36585715862617,37.733197364058086],[-122.36532930768371,37.733793993617205],[-122.36525925432316,37.73380327487804],[-122.3651919906549,37.733729883309906],[-122.36654155705385,37.73218397758585],[-122.36645704022749,37.73214388953499],[-122.36631448974786,37.732287001084714],[-122.36622976493871,37.73223863040899],[-122.36555978632232,37.73299493547522],[-122.36544645758623,37.73305472835717],[-122.36533022056284,37.73299857021361],[-122.36534838664159,37.732890571399125],[-122.36618178663461,37.73199082486489],[-122.36615006709667,37.73197475576989],[-122.36619034900427,37.731916120126655],[-122.36600023792323,37.731827990642884],[-122.36515744260836,37.73276931161682],[-122.3650128110855,37.73282959962504],[-122.36493789725318,37.73275621636406],[-122.36496691489519,37.732664616451196],[-122.36580950349615,37.731715014359736],[-122.36565069681197,37.73162638856832],[-122.36482814548036,37.732542530258755],[-122.36473277816833,37.732486041214045],[-122.3651084707427,37.73206581932644],[-122.36370051191254,37.731284405774744],[-122.36298960774724,37.73207448645514],[-122.3628764870956,37.73214255932495],[-122.3626225254996,37.73200572129894],[-122.3634039826588,37.731115100679546],[-122.36285328921593,37.73080067480776],[-122.36206097846976,37.73167489180554],[-122.36177571655365,37.73153854668044],[-122.36256790362074,37.73064342902848],[-122.36197631079146,37.730329017581006],[-122.3620858523037,37.730210061928354],[-122.36190703029558,37.7300900807125],[-122.36167796680688,37.73006167863926],[-122.36120072771955,37.73007637361544],[-122.36099144746743,37.73000667322447],[-122.36087885243815,37.72990607844241],[-122.36075046965863,37.72996287828879],[-122.36081456396778,37.730023978460856],[-122.36083514669859,37.73009895780797],[-122.36080889273619,37.730175702495764],[-122.36074128836557,37.730233191570356],[-122.3603535631482,37.7303104517961],[-122.3599148239555,37.730332277717],[-122.35879037880966,37.72978325386745],[-122.35895676480945,37.729711634503154],[-122.35884383279283,37.72965976989661],[-122.35896873394661,37.72951781652986],[-122.3619701633336,37.728808548336865],[-122.36226100407974,37.728641432888956],[-122.36229367170051,37.72858453299785],[-122.362282643047,37.7285211501629],[-122.36211821860314,37.728462873084815],[-122.36193993859236,37.7284428495642],[-122.36144874438342,37.72852381978179],[-122.35773056079643,37.729443200946186],[-122.35747916675402,37.729245304017375],[-122.35787539945053,37.728949726503586],[-122.36008228601526,37.72844014762608],[-122.36027349697333,37.72834991454418],[-122.36040777236069,37.72821734455324],[-122.36038549402018,37.72815980693936],[-122.36032444314354,37.728148865064604],[-122.35996326798919,37.72815339523138],[-122.35715754475699,37.72882528154989],[-122.35711980915258,37.7286611807485],[-122.35696687665975,37.72871033004924],[-122.35769993968509,37.7262822806786],[-122.3580136904372,37.72603932878632],[-122.3616411265706,37.72521879340957],[-122.36125560751601,37.724165293766035],[-122.35796211582131,37.7249437067024],[-122.35783828179885,37.72462382658085],[-122.36152383870493,37.72377485568928],[-122.36200595044598,37.72406148462328],[-122.36208516134948,37.72398667011372],[-122.36489997475009,37.72569816745665],[-122.36504053556679,37.72572507494012],[-122.36517550815671,37.725696449589535],[-122.36527776245362,37.72562084452517],[-122.36532375978976,37.725511969606536],[-122.36529066817978,37.7253880809239],[-122.36505300750436,37.72522621940218],[-122.36236703996349,37.723678771891564],[-122.362750362282,37.72325892516668],[-122.35997584893212,37.72162922984655],[-122.36023549013655,37.721358468056756],[-122.36299818916346,37.72297914811171],[-122.36381020954815,37.72210195151594],[-122.35918997781721,37.71940141956836],[-122.3591289471758,37.719308890848815],[-122.35915590990734,37.71923344284227],[-122.35981936335683,37.71851749939127],[-122.35989250078823,37.718478092599725],[-122.35998085662813,37.71847668489174],[-122.3627136213991,37.720071058233806],[-122.36303595856724,37.71970623100321],[-122.36315293106979,37.71967463456904],[-122.36317199446026,37.719556180187794],[-122.36365662217099,37.719054747334035],[-122.3625264564736,37.71841419555028],[-122.36245600544899,37.718287640666425],[-122.36251532298792,37.7181549190401],[-122.3585837298277,37.71588295000329],[-122.35872258569822,37.71573149623255],[-122.36264579122056,37.718021122792585],[-122.36386589659749,37.71672699052787],[-122.35991969222391,37.71442574376116],[-122.36003690374483,37.71429789224761],[-122.36397463770486,37.71658078879988],[-122.36425882597925,37.71629412446344],[-122.3643964733261,37.7162780978118],[-122.36521603811097,37.71535153002409],[-122.3652397933611,37.71523536384901],[-122.36519339527078,37.71517737263673],[-122.36477323742707,37.71493258581158],[-122.36473591616065,37.71497058160955],[-122.36457949912659,37.71486439545417],[-122.36455335461353,37.714804478323586],[-122.3642686371891,37.714638597455185],[-122.36418884306873,37.71463679169598],[-122.36401434976806,37.71455018501565],[-122.36404875498063,37.714510489037394],[-122.36330621289798,37.71407786171316],[-122.36326889131088,37.71411585705159],[-122.36311247814788,37.71400966803305],[-122.36308633400634,37.713949751487604],[-122.36280162310595,37.71378386615032],[-122.36272182996116,37.713782060297966],[-122.36254734148689,37.713695450514194],[-122.36258174597592,37.71365575587781],[-122.36184956017965,37.713229142662406],[-122.36181223829674,37.71326713844532],[-122.361655829,37.7131609474785],[-122.36162968633077,37.71310103060166],[-122.36134498306484,37.71293514170369],[-122.36126518970984,37.712933333981546],[-122.36109392850133,37.71285454230946],[-122.36117148853515,37.71275188410442],[-122.36167454052891,37.71307267058077],[-122.36191817938148,37.71315928623773],[-122.36188360429678,37.71319448451054],[-122.36261312940908,37.713619547140496],[-122.36264500235302,37.7135827737021],[-122.36280059388812,37.71369408440746],[-122.3628221962526,37.71374135939397],[-122.36313118818343,37.71392139181674],[-122.36337483149175,37.7140080035486],[-122.36334025559061,37.71404320316293],[-122.36408013806003,37.71447427991424],[-122.3641120095109,37.71443750610189],[-122.36426760616526,37.714548814836576],[-122.36428920857692,37.714596089565624],[-122.36459820761273,37.71477611811603],[-122.36484185543122,37.71486272680194],[-122.36480728096124,37.71489792682419],[-122.36538845551974,37.71523652260104],[-122.36441467584478,37.7163107455263],[-122.3644295666149,37.716365366822416],[-122.3646284780508,37.71646822645107],[-122.3647382199405,37.71648178825016],[-122.36485169025194,37.7164248248757],[-122.36497195790372,37.716233327547286],[-122.36510921648359,37.71614638414666],[-122.36514312504514,37.716069933335596],[-122.3652220714085,37.716010854949914],[-122.36538061928745,37.715969407232],[-122.36554982227568,37.71599622797028],[-122.36566589371091,37.71607165624956],[-122.36633973954069,37.716810144241634],[-122.36776007455978,37.71766548810662],[-122.36795103907681,37.717740809019155],[-122.36844796781698,37.717797499968164],[-122.36917062814433,37.71777593056242],[-122.36920311018338,37.717800429289284],[-122.3692351632112,37.71777845278673],[-122.36952798093475,37.71784777224832],[-122.36974156390565,37.717958351885805],[-122.36990208641242,37.718097970702566],[-122.3701273404112,37.718525648402405],[-122.37029806452863,37.7186439081299],[-122.37050150316148,37.71872303823393],[-122.37075404816161,37.718758731759614],[-122.3710435134213,37.71873603069676],[-122.37130160670004,37.71886997025918],[-122.37156694138154,37.71887184170152],[-122.37171402996533,37.718992860461235],[-122.37224955447381,37.71899280171321],[-122.37222903408316,37.719038284220204],[-122.37226982711091,37.71899247950014],[-122.3724700926631,37.71901807935177],[-122.37272623859276,37.71897213961144],[-122.37289288138608,37.71897963430951],[-122.37325619328298,37.71884961736978],[-122.3735191610726,37.718803357418885],[-122.37378648504401,37.71881317069404],[-122.37399531322384,37.718905426345756],[-122.37414239335418,37.719096681320046],[-122.3741508755982,37.71934404487626],[-122.3741822745946,37.71943982952994],[-122.37441926797104,37.719666440371185],[-122.37447182004928,37.71977051480582],[-122.37465354324765,37.719862774364536],[-122.3749418179452,37.72010816594175],[-122.37539102725968,37.72029873053991],[-122.3755566674008,37.720454479577846],[-122.37574824922537,37.72111485823879],[-122.3758821338699,37.721259703975896],[-122.37582166242242,37.721592714904006],[-122.37592134084892,37.7221673593997],[-122.37589956267124,37.72246890909283],[-122.3759530963234,37.722709260073614],[-122.37607025216221,37.72292353859511],[-122.37620870937192,37.723091564356096],[-122.37670201390402,37.72344459352653],[-122.37671515516874,37.72350585527455],[-122.37665613897501,37.72358825642499],[-122.37708078378925,37.72424106359626],[-122.37723864938494,37.724166268701374],[-122.37771712140432,37.724152267999244],[-122.37782380376267,37.72413206192938],[-122.3778606638181,37.724092281345435],[-122.37790399263496,37.72410905443939],[-122.37855715882796,37.72396728373165],[-122.37894270486767,37.7238002993069],[-122.37905000572032,37.72371595433207],[-122.37916877061203,37.72351732326335],[-122.37929061655163,37.72305031264444],[-122.37938102520818,37.72299005779031],[-122.37964986965538,37.72292144224904],[-122.37980004575594,37.722791931031466],[-122.37994681031265,37.72232538893192],[-122.38001159560869,37.7222208682132],[-122.38029900523298,37.72202954874778],[-122.38051677840251,37.72182644919325],[-122.38079155114868,37.721758673580105],[-122.38096930563363,37.72179532230935],[-122.38168148789086,37.72217238788263],[-122.38194808220203,37.72220657064425],[-122.38213186393183,37.722160502188174],[-122.38205329749036,37.722202420386694],[-122.38237229402728,37.72230784981074],[-122.38245991074398,37.72237603639346],[-122.3825541530264,37.722389058913826],[-122.38260398095994,37.72248041938258],[-122.38284669939463,37.72262239878558],[-122.38289527135638,37.72262940536499],[-122.38293828960204,37.7225900158619],[-122.38289786922536,37.72262907905704],[-122.38298818576521,37.72270509424502],[-122.38361025432076,37.72302610546462],[-122.38373120931863,37.72318014613598],[-122.38382045398305,37.723192188644376],[-122.38391236685756,37.72344248854446],[-122.3842108066219,37.723483502822994],[-122.38435918284132,37.72354183919688],[-122.38479678605641,37.72387988987268],[-122.38488313176933,37.723903477518576],[-122.38503961869095,37.724108918028584],[-122.38520453493634,37.724101948668654],[-122.38539714033459,37.7241551933384],[-122.38559191134684,37.72413699048435],[-122.38612186136636,37.724431966076544],[-122.38615540727687,37.724396377892496],[-122.38613005985388,37.72443879852966],[-122.3861677179166,37.724457455537184],[-122.3864531219374,37.724470978480696],[-122.38664175908171,37.72442400428999],[-122.38678253105444,37.72431113868124],[-122.38691278368162,37.72428193659565],[-122.3869357308506,37.72424635121839],[-122.38692231479297,37.72416052585808],[-122.38554918358254,37.723386447477345],[-122.38501093610947,37.72318923028347],[-122.38473667272291,37.7230431970809],[-122.38451895973184,37.722863438044364],[-122.38399158201459,37.722561101824034],[-122.3837236981934,37.72235888507717],[-122.38356981392991,37.72230273134013],[-122.3832489086397,37.7220993353668],[-122.38295237562274,37.72198555183852],[-122.38282793386156,37.72188282291216],[-122.38271986991113,37.721707172285896],[-122.38280601760707,37.721352708910096],[-122.38294457180987,37.721092021280604],[-122.38314718028398,37.720940083319945],[-122.3833063233662,37.720729987628665],[-122.383397692098,37.720521057323566],[-122.38339691153105,37.72035001671707],[-122.38336325822225,37.72033361456474],[-122.38331683234058,37.720358950165185],[-122.38330718653917,37.7203171778878],[-122.38324939525066,37.720286962908894],[-122.38325679397265,37.72016661215444],[-122.38319721278842,37.720090240117145],[-122.38264640044677,37.71985026219466],[-122.3817569331292,37.71935629258473],[-122.38158877998889,37.719159063164085],[-122.38146476972473,37.71894107545186],[-122.3812949567018,37.718783355417436],[-122.38113599791575,37.71875705591572],[-122.38069200820719,37.718777997959805],[-122.38037479990626,37.71870165852805],[-122.38017700082926,37.71850624861079],[-122.37999355927838,37.71846986620183],[-122.37985254153423,37.718377164382254],[-122.37970035741067,37.718348763157294],[-122.37946014426518,37.71814017625341],[-122.3793961385186,37.71802890028144],[-122.37907906111478,37.717784013131016],[-122.37728011112092,37.716860188579936],[-122.37719196706728,37.716850589435595],[-122.37717369052642,37.716801313711684],[-122.37682426628558,37.716598685945655],[-122.37646213163866,37.716325259905645],[-122.37622693135204,37.716205473845676],[-122.37613086604134,37.71610849094522],[-122.37612798354748,37.71599990406336],[-122.37618999141444,37.71587268373856],[-122.37668370932425,37.71528978760776],[-122.37668824193722,37.71524864328276],[-122.37664260950903,37.715210823411546],[-122.37676218567498,37.715126389217865],[-122.37708648714205,37.71477707438777],[-122.37732973672081,37.7143681082511],[-122.37832713521723,37.71363147506098],[-122.37846920346225,37.71343020507009],[-122.37866084492521,37.713244339126625],[-122.3788968450887,37.71309428264909],[-122.37901853847784,37.71284888973856],[-122.37928884905088,37.71249575416126],[-122.37970050662753,37.71179374351201],[-122.37979020270136,37.711687201053664],[-122.37994028689357,37.711622607144726],[-122.38001678108517,37.71155449862401],[-122.38007871118839,37.71142317578994],[-122.38012057362437,37.71102713908104],[-122.38011029759176,37.71080701988114],[-122.38005027951189,37.710615207990145],[-122.37990785505954,37.71050711435638],[-122.37974267198507,37.710497326481565],[-122.37961498019916,37.71039226790183],[-122.37939046307976,37.71030382800728],[-122.37899812707286,37.70999880652587],[-122.3789215752065,37.709901101814374],[-122.37889214576929,37.709773858608635],[-122.37881105395607,37.70974144027538],[-122.37868577041391,37.70949281503144],[-122.37846484080022,37.709296503344994],[-122.37842741265388,37.70902433906554],[-122.37835177962964,37.708859670468506],[-122.37826206786761,37.70876435166018],[-122.37792489628715,37.708601407404096],[-122.37772451949725,37.70858402908008],[-122.37685200607734,37.708906699051646],[-122.376721786681,37.7090193346839],[-122.37649660877275,37.70935938080199],[-122.376389346895,37.70955938933054],[-122.37639001220745,37.709641566277874],[-122.37606182160076,37.709691903854505],[-122.37581473928948,37.70966663610524],[-122.37558729990333,37.70959163221418],[-122.37535272771397,37.70939502558287],[-122.37460197794512,37.70904386964531],[-122.37445921487509,37.70891875725206],[-122.37437603370968,37.708769117930146],[-122.3743777675181,37.708700166949654],[-122.37442089147855,37.70863744528164],[-122.37456321957944,37.70854235459191],[-122.37473281521815,37.708502999051994],[-122.37602565710557,37.70838534226418],[-122.37847774529364,37.70843016272684],[-122.37880774127927,37.70846747273539],[-122.37939951900645,37.70842012779223],[-122.37960467608922,37.70849776272716],[-122.37978738625642,37.70852298015144],[-122.3797626776797,37.70853671525553],[-122.38044984655383,37.708788039734195],[-122.3815058534145,37.70889295509002],[-122.38158520115925,37.708863536101866],[-122.3817887976191,37.708865618617104],[-122.38190879972053,37.70889910389217],[-122.38209701780362,37.7090225735798],[-122.38224354794009,37.70906449269779],[-122.38251669853214,37.70907326787062],[-122.38281840145316,37.70913440198527],[-122.38339033840066,37.70918962107303],[-122.38374078272466,37.70919432217643],[-122.3841378272623,37.709271124224905],[-122.38452625834908,37.70929741237727],[-122.3850715279478,37.70949960018683],[-122.38556647813856,37.70975013587787],[-122.38589841223059,37.709974704820524],[-122.3860174913232,37.709999159696586],[-122.38639290720094,37.70994232601371],[-122.38679170518436,37.70977257391594],[-122.38682626110928,37.70974080566342],[-122.38683541234666,37.70965705551548],[-122.38708693747213,37.7095607597781],[-122.38739731614203,37.70935183119115],[-122.38764312167676,37.70909106563588],[-122.38779072696583,37.70898301371332],[-122.3878992621428,37.70881726623609],[-122.38807754181532,37.70867114583392],[-122.38836028058266,37.708814419620325],[-122.38857519597154,37.70884877812956],[-122.38871911068436,37.70891647276673],[-122.38908123692632,37.709191498344936],[-122.38947397295259,37.70942235049906],[-122.3897110783302,37.7096176840318],[-122.38980448737543,37.70961948288795],[-122.38997045635881,37.70955422275985],[-122.39024324280949,37.709379647715075],[-122.39041815491761,37.709223363331645],[-122.39054697847462,37.7091902665439],[-122.3906198744841,37.70920533014145],[-122.39116632838258,37.709540950924314],[-122.39148993418878,37.709698372714605],[-122.39171618310378,37.709607030393606],[-122.39211160742686,37.709252802582675],[-122.39228189613101,37.70899735879201],[-122.39247935772579,37.70890483361608],[-122.39266628960942,37.708737589361036],[-122.39316713084376,37.70840234320171],[-122.40544630758971,37.7083520497599],[-122.40524400028126,37.70880200005724],[-122.40510900008768,37.70885399986951],[-122.40515300043081,37.708963999968596],[-122.40505500004899,37.70922100024415],[-122.40468199973307,37.70993000034204],[-122.40437700029648,37.71036499994432],[-122.40422599977704,37.71040900036299],[-122.40424899964302,37.710518999622956],[-122.40377500007237,37.71115900040534],[-122.40365000055942,37.71118900014218],[-122.4036869995652,37.71127800002088],[-122.40327999968324,37.71181800007627],[-122.40310099998928,37.71196900038517],[-122.40282000036767,37.712134999886864],[-122.40265499956966,37.71219799956933],[-122.40245900035339,37.71217899990509],[-122.40236600028423,37.71229400027616],[-122.40164400025287,37.712484000435474],[-122.40125999979828,37.71264199970165],[-122.40083400029259,37.713008000032616],[-122.40047400049264,37.713115999710084],[-122.39935900045164,37.71427299954404],[-122.39919899990505,37.71453600032804],[-122.39894299968779,37.71518699992746],[-122.39899100019592,37.7153390003931],[-122.39883400008719,37.71545100017848],[-122.39832799948861,37.716258999689046],[-122.39836699953315,37.71641300013927],[-122.39840700001098,37.71704900034105],[-122.39854899973608,37.71785900018794],[-122.39881200014977,37.71851100013235],[-122.39896699994009,37.719029999826475],[-122.3991249995737,37.719730000084574],[-122.39938699998703,37.719881999924525],[-122.39937700054415,37.72000500038449],[-122.39946400028651,37.72033000025049],[-122.40118300054883,37.72458799957041],[-122.40220900047322,37.728101999800465],[-122.40275200051704,37.72935699997382],[-122.40340000029198,37.73065800029143],[-122.40396200053262,37.7316100003677],[-122.40465699960654,37.73294900044341],[-122.40509600008315,37.73371600012329],[-122.40549500021233,37.73428699965818],[-122.4064550000261,37.735511000090554],[-122.40661900042298,37.73589699962653],[-122.4067040001295,37.736308999693605],[-122.40677199974492,37.73642399992805],[-122.40694699984917,37.73782899974322],[-122.40686800032172,37.73814400036195],[-122.40694499957434,37.73869400015236],[-122.40691099993397,37.73943000032858],[-122.4070520004777,37.73970599985578],[-122.40700499960005,37.740241999784246],[-122.40691400024308,37.74076299981867],[-122.40653300018981,37.74143899958859],[-122.40540499988018,37.74298500005222],[-122.40524200024684,37.74305100041131],[-122.4052140001642,37.74324699973266],[-122.4045899995184,37.74412599956751],[-122.40418500015218,37.745236999600344],[-122.40420299952396,37.74548399960977],[-122.4043150002308,37.745929999953134],[-122.40406399961883,37.74625299995257],[-122.40371199946283,37.747201999804986],[-122.4035610005543,37.74776200041543],[-122.40361799988675,37.748121000166336],[-122.40373599980096,37.74838500024276],[-122.40389699951115,37.74842900031641],[-122.40356899957048,37.74947499978333],[-122.40296899975047,37.74954999960883],[-122.40286600019,37.7494779999463],[-122.40278400001073,37.75038599971569],[-122.40272500045977,37.75049700003733],[-122.40260500041259,37.75055799967905],[-122.40047200037971,37.75067300031481],[-122.39984500022744,37.750883000008066],[-122.39941400000646,37.750989999696955],[-122.39640800033234,37.75117900044503],[-122.39651300012554,37.75231099957708],[-122.38170876845014,37.75318612930513],[-122.38157774241415,37.75307043091241]]]]}}],"crs":{"type":"name","properties":{"name":"urn:ogc:def:crs:OGC:1.3:CRS84"}}}
